,buy,hold,sell,symbol,timestamp
0,0,0,0,USDC_XLM,2023-12-30 15:48:10.255531
1,0,0,0,USDC_XLM,2023-12-30 15:48:10.255531
2,0,0,0,USDC_XLM,2023-12-30 15:48:10.255531
3,0,0,0,USDC_XLM,2023-12-30 15:48:10.255531
4,0,0,0,USDC_XLM,2023-12-30 15:48:10.255531
5,0,0,0,USDC_XLM,2023-12-30 15:48:10.255531
6,0,0,0,USDC_XLM,2023-12-30 15:48:10.255531
7,0,0,0,USDC_XLM,2023-12-30 15:48:10.255531
8,0,0,0,USDC_XLM,2023-12-30 15:48:10.255531
9,0,0,0,USDC_XLM,2023-12-30 15:48:10.255531
10,0,0,0,USDC_XLM,2023-12-30 15:48:10.255531
11,0,0,0,USDC_XLM,2023-12-30 15:48:10.255531
12,0,0,0,USDC_XLM,2023-12-30 15:48:10.255531
13,100,0,-100,USDC_XLM,2023-12-30 15:48:10.255531
14,100,0,-100,USDC_XLM,2023-12-30 15:48:10.255531
15,100,0,-100,USDC_XLM,2023-12-30 15:48:10.255531
16,100,0,-100,USDC_XLM,2023-12-30 15:48:10.255531
17,100,0,-100,USDC_XLM,2023-12-30 15:48:10.255531
18,100,0,-100,USDC_XLM,2023-12-30 15:48:10.255531
19,100,0,-100,USDC_XLM,2023-12-30 15:48:10.255531
20,100,0,-100,USDC_XLM,2023-12-30 15:48:10.255531
21,100,0,-100,USDC_XLM,2023-12-30 15:48:10.255531
22,100,0,-100,USDC_XLM,2023-12-30 15:48:10.255531
23,100,0,-100,USDC_XLM,2023-12-30 15:48:10.255531
24,100,0,-100,USDC_XLM,2023-12-30 15:48:10.255531
25,100,0,-100,USDC_XLM,2023-12-30 15:48:10.255531
26,100,0,-100,USDC_XLM,2023-12-30 15:48:10.255531
27,100,0,-100,USDC_XLM,2023-12-30 15:48:10.255531
28,100,0,-100,USDC_XLM,2023-12-30 15:48:10.255531
29,100,0,-100,USDC_XLM,2023-12-30 15:48:10.255531
30,100,0,-100,USDC_XLM,2023-12-30 15:48:10.255531
31,100,0,-100,USDC_XLM,2023-12-30 15:48:10.255531
32,100,0,-100,USDC_XLM,2023-12-30 15:48:10.255531
33,100,0,-100,USDC_XLM,2023-12-30 15:48:10.255531
34,100,0,-100,USDC_XLM,2023-12-30 15:48:10.255531
35,100,0,-100,USDC_XLM,2023-12-30 15:48:10.255531
36,100,0,-100,USDC_XLM,2023-12-30 15:48:10.255531
37,100,0,-100,USDC_XLM,2023-12-30 15:48:10.255531
38,100,0,-100,USDC_XLM,2023-12-30 15:48:10.255531
39,100,0,-100,USDC_XLM,2023-12-30 15:48:10.255531
40,100,0,-100,USDC_XLM,2023-12-30 15:48:10.255531
41,100,0,-100,USDC_XLM,2023-12-30 15:48:10.255531
42,100,0,-100,USDC_XLM,2023-12-30 15:48:10.255531
43,100,0,-100,USDC_XLM,2023-12-30 15:48:10.255531
44,100,0,-100,USDC_XLM,2023-12-30 15:48:10.255531
45,100,0,-100,USDC_XLM,2023-12-30 15:48:10.255531
46,100,0,-100,USDC_XLM,2023-12-30 15:48:10.255531
47,100,0,-100,USDC_XLM,2023-12-30 15:48:10.255531
48,100,0,-100,USDC_XLM,2023-12-30 15:48:10.255531
49,100,0,-100,USDC_XLM,2023-12-30 15:48:10.255531
50,100,0,-100,USDC_XLM,2023-12-30 15:48:10.255531
51,100,0,-100,USDC_XLM,2023-12-30 15:48:10.255531
52,100,0,-100,USDC_XLM,2023-12-30 15:48:10.255531
53,100,0,-100,USDC_XLM,2023-12-30 15:48:10.255531
54,100,0,-100,USDC_XLM,2023-12-30 15:48:10.255531
55,100,0,-100,USDC_XLM,2023-12-30 15:48:10.255531
56,100,0,-100,USDC_XLM,2023-12-30 15:48:10.255531
57,100,0,-100,USDC_XLM,2023-12-30 15:48:10.255531
58,100,0,-100,USDC_XLM,2023-12-30 15:48:10.255531
59,100,0,-100,USDC_XLM,2023-12-30 15:48:10.255531
60,100,0,-100,USDC_XLM,2023-12-30 15:48:10.255531
61,100,0,-100,USDC_XLM,2023-12-30 15:48:10.255531
62,100,0,-100,USDC_XLM,2023-12-30 15:48:10.255531
63,100,0,-100,USDC_XLM,2023-12-30 15:48:10.255531
64,100,0,-100,USDC_XLM,2023-12-30 15:48:10.255531
65,100,0,-100,USDC_XLM,2023-12-30 15:48:10.255531
66,100,0,-100,USDC_XLM,2023-12-30 15:48:10.255531
67,100,0,-100,USDC_XLM,2023-12-30 15:48:10.255531
68,100,0,-100,USDC_XLM,2023-12-30 15:48:10.255531
69,100,0,-100,USDC_XLM,2023-12-30 15:48:10.255531
70,100,0,-100,USDC_XLM,2023-12-30 15:48:10.255531
71,100,0,-100,USDC_XLM,2023-12-30 15:48:10.255531
72,100,0,-100,USDC_XLM,2023-12-30 15:48:10.255531
73,100,0,-100,USDC_XLM,2023-12-30 15:48:10.255531
74,100,0,-100,USDC_XLM,2023-12-30 15:48:10.255531
75,100,0,-100,USDC_XLM,2023-12-30 15:48:10.255531
76,100,0,-100,USDC_XLM,2023-12-30 15:48:10.255531
77,100,0,-100,USDC_XLM,2023-12-30 15:48:10.255531
78,100,0,-100,USDC_XLM,2023-12-30 15:48:10.255531
79,100,0,-100,USDC_XLM,2023-12-30 15:48:10.255531
80,100,0,-100,USDC_XLM,2023-12-30 15:48:10.255531
81,100,0,-100,USDC_XLM,2023-12-30 15:48:10.255531
82,100,0,-100,USDC_XLM,2023-12-30 15:48:10.255531
83,100,0,-100,USDC_XLM,2023-12-30 15:48:10.255531
84,100,0,-100,USDC_XLM,2023-12-30 15:48:10.255531
85,100,0,-100,USDC_XLM,2023-12-30 15:48:10.255531
86,100,0,-100,USDC_XLM,2023-12-30 15:48:10.255531
87,100,0,-100,USDC_XLM,2023-12-30 15:48:10.255531
88,100,0,-100,USDC_XLM,2023-12-30 15:48:10.255531
89,100,0,-100,USDC_XLM,2023-12-30 15:48:10.255531
90,100,0,-100,USDC_XLM,2023-12-30 15:48:10.255531
91,100,0,-100,USDC_XLM,2023-12-30 15:48:10.255531
92,100,0,-100,USDC_XLM,2023-12-30 15:48:10.255531
93,100,0,-100,USDC_XLM,2023-12-30 15:48:10.255531
94,100,0,-100,USDC_XLM,2023-12-30 15:48:10.255531
95,100,0,-100,USDC_XLM,2023-12-30 15:48:10.255531
96,100,0,-100,USDC_XLM,2023-12-30 15:48:10.255531
97,100,0,-100,USDC_XLM,2023-12-30 15:48:10.255531
98,100,0,-100,USDC_XLM,2023-12-30 15:48:10.255531
99,100,0,-100,USDC_XLM,2023-12-30 15:48:10.255531
100,100,0,-100,USDC_XLM,2023-12-30 15:48:10.255531
101,100,0,-100,USDC_XLM,2023-12-30 15:48:10.255531
102,100,0,-100,USDC_XLM,2023-12-30 15:48:10.255531
103,100,0,-100,USDC_XLM,2023-12-30 15:48:10.255531
104,100,0,-100,USDC_XLM,2023-12-30 15:48:10.255531
105,100,0,-100,USDC_XLM,2023-12-30 15:48:10.255531
106,100,0,-100,USDC_XLM,2023-12-30 15:48:10.255531
107,100,0,-100,USDC_XLM,2023-12-30 15:48:10.255531
108,100,0,-100,USDC_XLM,2023-12-30 15:48:10.255531
109,100,0,-100,USDC_XLM,2023-12-30 15:48:10.255531
110,100,0,-100,USDC_XLM,2023-12-30 15:48:10.255531
111,100,0,-100,USDC_XLM,2023-12-30 15:48:10.255531
112,100,0,-100,USDC_XLM,2023-12-30 15:48:10.255531
113,100,0,-100,USDC_XLM,2023-12-30 15:48:10.255531
114,100,0,-100,USDC_XLM,2023-12-30 15:48:10.255531
115,100,0,-100,USDC_XLM,2023-12-30 15:48:10.255531
116,100,0,-100,USDC_XLM,2023-12-30 15:48:10.255531
117,100,0,-100,USDC_XLM,2023-12-30 15:48:10.255531
118,100,0,-100,USDC_XLM,2023-12-30 15:48:10.255531
119,100,0,-100,USDC_XLM,2023-12-30 15:48:10.255531
120,100,0,-100,USDC_XLM,2023-12-30 15:48:10.255531
121,100,0,-100,USDC_XLM,2023-12-30 15:48:10.255531
122,100,0,-100,USDC_XLM,2023-12-30 15:48:10.255531
123,100,0,-100,USDC_XLM,2023-12-30 15:48:10.255531
124,100,0,-100,USDC_XLM,2023-12-30 15:48:10.255531
125,100,0,-100,USDC_XLM,2023-12-30 15:48:10.255531
126,100,0,-100,USDC_XLM,2023-12-30 15:48:10.255531
127,100,0,-100,USDC_XLM,2023-12-30 15:48:10.255531
128,100,0,-100,USDC_XLM,2023-12-30 15:48:10.255531
129,100,0,-100,USDC_XLM,2023-12-30 15:48:10.255531
130,100,0,-100,USDC_XLM,2023-12-30 15:48:10.255531
131,100,0,-100,USDC_XLM,2023-12-30 15:48:10.255531
132,100,0,-100,USDC_XLM,2023-12-30 15:48:10.255531
133,100,0,-100,USDC_XLM,2023-12-30 15:48:10.255531
134,100,0,-100,USDC_XLM,2023-12-30 15:48:10.255531
135,100,0,-100,USDC_XLM,2023-12-30 15:48:10.255531
136,100,0,-100,USDC_XLM,2023-12-30 15:48:10.255531
137,100,0,-100,USDC_XLM,2023-12-30 15:48:10.255531
138,100,0,-100,USDC_XLM,2023-12-30 15:48:10.255531
139,100,0,-100,USDC_XLM,2023-12-30 15:48:10.255531
140,100,0,-100,USDC_XLM,2023-12-30 15:48:10.255531
141,100,0,-100,USDC_XLM,2023-12-30 15:48:10.255531
142,100,0,-100,USDC_XLM,2023-12-30 15:48:10.255531
143,100,0,-100,USDC_XLM,2023-12-30 15:48:10.255531
144,100,0,-100,USDC_XLM,2023-12-30 15:48:10.255531
145,100,0,-100,USDC_XLM,2023-12-30 15:48:10.255531
146,100,0,-100,USDC_XLM,2023-12-30 15:48:10.255531
147,100,0,-100,USDC_XLM,2023-12-30 15:48:10.255531
148,100,0,-100,USDC_XLM,2023-12-30 15:48:10.255531
149,100,0,-100,USDC_XLM,2023-12-30 15:48:10.255531
150,100,0,-100,USDC_XLM,2023-12-30 15:48:10.255531
151,100,0,-100,USDC_XLM,2023-12-30 15:48:10.255531
152,100,0,-100,USDC_XLM,2023-12-30 15:48:10.255531
153,100,0,-100,USDC_XLM,2023-12-30 15:48:10.255531
154,100,0,-100,USDC_XLM,2023-12-30 15:48:10.255531
155,100,0,-100,USDC_XLM,2023-12-30 15:48:10.255531
156,100,0,-100,USDC_XLM,2023-12-30 15:48:10.255531
157,100,0,-100,USDC_XLM,2023-12-30 15:48:10.255531
158,100,0,-100,USDC_XLM,2023-12-30 15:48:10.255531
159,100,0,-100,USDC_XLM,2023-12-30 15:48:10.255531
160,100,0,-100,USDC_XLM,2023-12-30 15:48:10.255531
161,100,0,-100,USDC_XLM,2023-12-30 15:48:10.255531
162,100,0,-100,USDC_XLM,2023-12-30 15:48:10.255531
163,100,0,-100,USDC_XLM,2023-12-30 15:48:10.255531
164,100,0,-100,USDC_XLM,2023-12-30 15:48:10.255531
165,100,0,-100,USDC_XLM,2023-12-30 15:48:10.255531
166,100,0,-100,USDC_XLM,2023-12-30 15:48:10.255531
167,100,0,-100,USDC_XLM,2023-12-30 15:48:10.255531
168,100,0,-100,USDC_XLM,2023-12-30 15:48:10.255531
169,100,0,-100,USDC_XLM,2023-12-30 15:48:10.255531
170,100,0,-100,USDC_XLM,2023-12-30 15:48:10.255531
171,100,0,-100,USDC_XLM,2023-12-30 15:48:10.255531
172,100,0,-100,USDC_XLM,2023-12-30 15:48:10.255531
173,100,0,-100,USDC_XLM,2023-12-30 15:48:10.255531
174,100,0,-100,USDC_XLM,2023-12-30 15:48:10.255531
175,100,0,-100,USDC_XLM,2023-12-30 15:48:10.255531
176,1,0,1,USDC_XLM,2023-12-30 15:48:10.255531
177,0,0,0,USDC_XLM,2023-12-30 15:48:10.255531
178,0,0,0,USDC_XLM,2023-12-30 15:48:10.255531
179,0,0,0,USDC_XLM,2023-12-30 15:48:10.255531
180,0,0,0,USDC_XLM,2023-12-30 15:48:10.255531
181,0,0,0,USDC_XLM,2023-12-30 15:48:10.255531
182,0,0,0,USDC_XLM,2023-12-30 15:48:10.255531
183,0,0,0,USDC_XLM,2023-12-30 15:48:10.255531
184,0,0,0,USDC_XLM,2023-12-30 15:48:10.255531
185,0,0,0,USDC_XLM,2023-12-30 15:48:10.255531
186,0,0,0,USDC_XLM,2023-12-30 15:48:10.255531
187,0,0,0,USDC_XLM,2023-12-30 15:48:10.255531
188,0,0,0,USDC_XLM,2023-12-30 15:48:10.255531
189,100,0,-100,USDC_XLM,2023-12-30 15:48:10.255531
190,100,0,-100,USDC_XLM,2023-12-30 15:48:10.255531
191,100,0,-100,USDC_XLM,2023-12-30 15:48:10.255531
192,100,0,-100,USDC_XLM,2023-12-30 15:48:10.255531
193,100,0,-100,USDC_XLM,2023-12-30 15:48:10.255531
194,100,0,-100,USDC_XLM,2023-12-30 15:48:10.255531
195,100,0,-100,USDC_XLM,2023-12-30 15:48:10.255531
196,100,0,-100,USDC_XLM,2023-12-30 15:48:10.255531
197,100,0,-100,USDC_XLM,2023-12-30 15:48:10.255531
198,100,0,-100,USDC_XLM,2023-12-30 15:48:10.255531
199,100,0,-100,USDC_XLM,2023-12-30 15:48:10.255531
200,100,0,-100,USDC_XLM,2023-12-30 15:48:10.255531
201,100,0,-100,USDC_XLM,2023-12-30 15:48:10.255531
202,100,0,-100,USDC_XLM,2023-12-30 15:48:10.255531
203,100,0,-100,USDC_XLM,2023-12-30 15:48:10.255531
204,100,0,-100,USDC_XLM,2023-12-30 15:48:10.255531
205,100,0,-100,USDC_XLM,2023-12-30 15:48:10.255531
206,100,0,-100,USDC_XLM,2023-12-30 15:48:10.255531
207,100,0,-100,USDC_XLM,2023-12-30 15:48:10.255531
208,100,0,-100,USDC_XLM,2023-12-30 15:48:10.255531
209,100,0,-100,USDC_XLM,2023-12-30 15:48:10.255531
210,100,0,-100,USDC_XLM,2023-12-30 15:48:10.255531
211,100,0,-100,USDC_XLM,2023-12-30 15:48:10.255531
212,100,0,-100,USDC_XLM,2023-12-30 15:48:10.255531
213,100,0,-100,USDC_XLM,2023-12-30 15:48:10.255531
214,100,0,-100,USDC_XLM,2023-12-30 15:48:10.255531
215,100,0,-100,USDC_XLM,2023-12-30 15:48:10.255531
216,100,0,-100,USDC_XLM,2023-12-30 15:48:10.255531
217,100,0,-100,USDC_XLM,2023-12-30 15:48:10.255531
218,100,0,-100,USDC_XLM,2023-12-30 15:48:10.255531
219,100,0,-100,USDC_XLM,2023-12-30 15:48:10.255531
220,100,0,-100,USDC_XLM,2023-12-30 15:48:10.255531
221,100,0,-100,USDC_XLM,2023-12-30 15:48:10.255531
222,100,0,-100,USDC_XLM,2023-12-30 15:48:10.255531
223,100,0,-100,USDC_XLM,2023-12-30 15:48:10.255531
224,100,0,-100,USDC_XLM,2023-12-30 15:48:10.255531
225,100,0,-100,USDC_XLM,2023-12-30 15:48:10.255531
226,100,0,-100,USDC_XLM,2023-12-30 15:48:10.255531
227,100,0,-100,USDC_XLM,2023-12-30 15:48:10.255531
228,100,0,-100,USDC_XLM,2023-12-30 15:48:10.255531
229,100,0,-100,USDC_XLM,2023-12-30 15:48:10.255531
230,100,0,-100,USDC_XLM,2023-12-30 15:48:10.255531
231,100,0,-100,USDC_XLM,2023-12-30 15:48:10.255531
232,100,0,-100,USDC_XLM,2023-12-30 15:48:10.255531
233,100,0,-100,USDC_XLM,2023-12-30 15:48:10.255531
234,100,0,-100,USDC_XLM,2023-12-30 15:48:10.255531
235,100,0,-100,USDC_XLM,2023-12-30 15:48:10.255531
236,100,0,-100,USDC_XLM,2023-12-30 15:48:10.255531
237,100,0,-100,USDC_XLM,2023-12-30 15:48:10.255531
238,100,0,-100,USDC_XLM,2023-12-30 15:48:10.255531
239,100,0,-100,USDC_XLM,2023-12-30 15:48:10.255531
240,100,0,-100,USDC_XLM,2023-12-30 15:48:10.255531
241,100,0,-100,USDC_XLM,2023-12-30 15:48:10.255531
242,100,0,-100,USDC_XLM,2023-12-30 15:48:10.255531
243,100,0,-100,USDC_XLM,2023-12-30 15:48:10.255531
244,100,0,-100,USDC_XLM,2023-12-30 15:48:10.255531
245,100,0,-100,USDC_XLM,2023-12-30 15:48:10.255531
246,100,0,-100,USDC_XLM,2023-12-30 15:48:10.255531
247,100,0,-100,USDC_XLM,2023-12-30 15:48:10.255531
248,100,0,-100,USDC_XLM,2023-12-30 15:48:10.255531
249,100,0,-100,USDC_XLM,2023-12-30 15:48:10.255531
250,100,0,-100,USDC_XLM,2023-12-30 15:48:10.255531
251,100,0,-100,USDC_XLM,2023-12-30 15:48:10.255531
252,100,0,-100,USDC_XLM,2023-12-30 15:48:10.255531
253,100,0,-100,USDC_XLM,2023-12-30 15:48:10.255531
254,100,0,-100,USDC_XLM,2023-12-30 15:48:10.255531
255,100,0,-100,USDC_XLM,2023-12-30 15:48:10.255531
256,100,0,-100,USDC_XLM,2023-12-30 15:48:10.255531
257,100,0,-100,USDC_XLM,2023-12-30 15:48:10.255531
258,100,0,-100,USDC_XLM,2023-12-30 15:48:10.255531
259,100,0,-100,USDC_XLM,2023-12-30 15:48:10.255531
260,100,0,-100,USDC_XLM,2023-12-30 15:48:10.255531
261,100,0,-100,USDC_XLM,2023-12-30 15:48:10.255531
262,100,0,-100,USDC_XLM,2023-12-30 15:48:10.255531
263,100,0,-100,USDC_XLM,2023-12-30 15:48:10.255531
264,100,0,-100,USDC_XLM,2023-12-30 15:48:10.255531
265,100,0,-100,USDC_XLM,2023-12-30 15:48:10.255531
266,100,0,-100,USDC_XLM,2023-12-30 15:48:10.255531
267,100,0,-100,USDC_XLM,2023-12-30 15:48:10.255531
268,100,0,-100,USDC_XLM,2023-12-30 15:48:10.255531
269,100,0,-100,USDC_XLM,2023-12-30 15:48:10.255531
270,100,0,-100,USDC_XLM,2023-12-30 15:48:10.255531
271,100,0,-100,USDC_XLM,2023-12-30 15:48:10.255531
272,100,0,-100,USDC_XLM,2023-12-30 15:48:10.255531
273,100,0,-100,USDC_XLM,2023-12-30 15:48:10.255531
274,100,0,-100,USDC_XLM,2023-12-30 15:48:10.255531
275,100,0,-100,USDC_XLM,2023-12-30 15:48:10.255531
276,100,0,-100,USDC_XLM,2023-12-30 15:48:10.255531
277,100,0,-100,USDC_XLM,2023-12-30 15:48:10.255531
278,100,0,-100,USDC_XLM,2023-12-30 15:48:10.255531
279,100,0,-100,USDC_XLM,2023-12-30 15:48:10.255531
280,100,0,-100,USDC_XLM,2023-12-30 15:48:10.255531
281,100,0,-100,USDC_XLM,2023-12-30 15:48:10.255531
282,100,0,-100,USDC_XLM,2023-12-30 15:48:10.255531
283,100,0,-100,USDC_XLM,2023-12-30 15:48:10.255531
284,100,0,-100,USDC_XLM,2023-12-30 15:48:10.255531
285,100,0,-100,USDC_XLM,2023-12-30 15:48:10.255531
286,100,0,-100,USDC_XLM,2023-12-30 15:48:10.255531
287,100,0,-100,USDC_XLM,2023-12-30 15:48:10.255531
288,100,0,-100,USDC_XLM,2023-12-30 15:48:10.255531
289,100,0,-100,USDC_XLM,2023-12-30 15:48:10.255531
290,100,0,-100,USDC_XLM,2023-12-30 15:48:10.255531
291,100,0,-100,USDC_XLM,2023-12-30 15:48:10.255531
292,100,0,-100,USDC_XLM,2023-12-30 15:48:10.255531
293,100,0,-100,USDC_XLM,2023-12-30 15:48:10.255531
294,100,0,-100,USDC_XLM,2023-12-30 15:48:10.255531
295,100,0,-100,USDC_XLM,2023-12-30 15:48:10.255531
296,100,0,-100,USDC_XLM,2023-12-30 15:48:10.255531
297,100,0,-100,USDC_XLM,2023-12-30 15:48:10.255531
298,100,0,-100,USDC_XLM,2023-12-30 15:48:10.255531
299,100,0,-100,USDC_XLM,2023-12-30 15:48:10.255531
300,100,0,-100,USDC_XLM,2023-12-30 15:48:10.255531
301,100,0,-100,USDC_XLM,2023-12-30 15:48:10.255531
302,100,0,-100,USDC_XLM,2023-12-30 15:48:10.255531
303,100,0,-100,USDC_XLM,2023-12-30 15:48:10.255531
304,100,0,-100,USDC_XLM,2023-12-30 15:48:10.255531
305,100,0,-100,USDC_XLM,2023-12-30 15:48:10.255531
306,100,0,-100,USDC_XLM,2023-12-30 15:48:10.255531
307,100,0,-100,USDC_XLM,2023-12-30 15:48:10.255531
308,100,0,-100,USDC_XLM,2023-12-30 15:48:10.255531
309,100,0,-100,USDC_XLM,2023-12-30 15:48:10.255531
310,100,0,-100,USDC_XLM,2023-12-30 15:48:10.255531
311,100,0,-100,USDC_XLM,2023-12-30 15:48:10.255531
312,100,0,-100,USDC_XLM,2023-12-30 15:48:10.255531
313,100,0,-100,USDC_XLM,2023-12-30 15:48:10.255531
314,100,0,-100,USDC_XLM,2023-12-30 15:48:10.255531
315,100,0,-100,USDC_XLM,2023-12-30 15:48:10.255531
316,100,0,-100,USDC_XLM,2023-12-30 15:48:10.255531
317,100,0,-100,USDC_XLM,2023-12-30 15:48:10.255531
318,100,0,-100,USDC_XLM,2023-12-30 15:48:10.255531
319,100,0,-100,USDC_XLM,2023-12-30 15:48:10.255531
320,100,0,-100,USDC_XLM,2023-12-30 15:48:10.255531
321,100,0,-100,USDC_XLM,2023-12-30 15:48:10.255531
322,100,0,-100,USDC_XLM,2023-12-30 15:48:10.255531
323,100,0,-100,USDC_XLM,2023-12-30 15:48:10.255531
324,100,0,-100,USDC_XLM,2023-12-30 15:48:10.255531
325,100,0,-100,USDC_XLM,2023-12-30 15:48:10.255531
326,100,0,-100,USDC_XLM,2023-12-30 15:48:10.255531
327,100,0,-100,USDC_XLM,2023-12-30 15:48:10.255531
328,100,0,-100,USDC_XLM,2023-12-30 15:48:10.255531
329,100,0,-100,USDC_XLM,2023-12-30 15:48:10.255531
330,100,0,-100,USDC_XLM,2023-12-30 15:48:10.255531
331,100,0,-100,USDC_XLM,2023-12-30 15:48:10.255531
332,100,0,-100,USDC_XLM,2023-12-30 15:48:10.255531
333,100,0,-100,USDC_XLM,2023-12-30 15:48:10.255531
334,100,0,-100,USDC_XLM,2023-12-30 15:48:10.255531
335,100,0,-100,USDC_XLM,2023-12-30 15:48:10.255531
336,100,0,-100,USDC_XLM,2023-12-30 15:48:10.255531
337,100,0,-100,USDC_XLM,2023-12-30 15:48:10.255531
338,100,0,-100,USDC_XLM,2023-12-30 15:48:10.255531
339,100,0,-100,USDC_XLM,2023-12-30 15:48:10.255531
340,100,0,-100,USDC_XLM,2023-12-30 15:48:10.255531
341,100,0,-100,USDC_XLM,2023-12-30 15:48:10.255531
342,100,0,-100,USDC_XLM,2023-12-30 15:48:10.255531
343,100,0,-100,USDC_XLM,2023-12-30 15:48:10.255531
344,100,0,-100,USDC_XLM,2023-12-30 15:48:10.255531
345,100,0,-100,USDC_XLM,2023-12-30 15:48:10.255531
346,100,0,-100,USDC_XLM,2023-12-30 15:48:10.255531
347,100,0,-100,USDC_XLM,2023-12-30 15:48:10.255531
348,100,0,-100,USDC_XLM,2023-12-30 15:48:10.255531
349,100,0,-100,USDC_XLM,2023-12-30 15:48:10.255531
350,100,0,-100,USDC_XLM,2023-12-30 15:48:10.255531
351,100,0,-100,USDC_XLM,2023-12-30 15:48:10.255531
352,101,0,-99,USDC_XLM,2023-12-30 15:48:10.255531
353,100,0,-100,USDC_XLM,2023-12-30 15:48:10.255531
354,100,0,-100,USDC_XLM,2023-12-30 15:48:10.255531
355,100,0,-100,USDC_XLM,2023-12-30 15:48:10.255531
356,100,0,-100,USDC_XLM,2023-12-30 15:48:10.255531
357,100,0,-100,USDC_XLM,2023-12-30 15:48:10.255531
358,100,0,-100,USDC_XLM,2023-12-30 15:48:10.255531
359,100,0,-100,USDC_XLM,2023-12-30 15:48:10.255531
360,100,0,-100,USDC_XLM,2023-12-30 15:48:10.255531
361,100,0,-100,USDC_XLM,2023-12-30 15:48:10.255531
362,100,0,-100,USDC_XLM,2023-12-30 15:48:10.255531
363,100,0,-100,USDC_XLM,2023-12-30 15:48:10.255531
364,100,0,-100,USDC_XLM,2023-12-30 15:48:10.255531
365,100,0,-100,USDC_XLM,2023-12-30 15:48:10.255531
366,100,0,-100,USDC_XLM,2023-12-30 15:48:10.255531
367,100,0,-100,USDC_XLM,2023-12-30 15:48:10.255531
368,100,0,-100,USDC_XLM,2023-12-30 15:48:10.255531
369,100,0,-100,USDC_XLM,2023-12-30 15:48:10.255531
370,100,0,-100,USDC_XLM,2023-12-30 15:48:10.255531
371,100,0,-100,USDC_XLM,2023-12-30 15:48:10.255531
372,100,0,-100,USDC_XLM,2023-12-30 15:48:10.255531
373,100,0,-100,USDC_XLM,2023-12-30 15:48:10.255531
374,100,0,-100,USDC_XLM,2023-12-30 15:48:10.255531
375,100,0,-100,USDC_XLM,2023-12-30 15:48:10.255531
376,100,0,-100,USDC_XLM,2023-12-30 15:48:10.255531
377,100,0,-100,USDC_XLM,2023-12-30 15:48:10.255531
378,100,0,-100,USDC_XLM,2023-12-30 15:48:10.255531
379,100,0,-100,USDC_XLM,2023-12-30 15:48:10.255531
380,100,0,-100,USDC_XLM,2023-12-30 15:48:10.255531
381,100,0,-100,USDC_XLM,2023-12-30 15:48:10.255531
382,100,0,-100,USDC_XLM,2023-12-30 15:48:10.255531
383,100,0,-100,USDC_XLM,2023-12-30 15:48:10.255531
384,100,0,-100,USDC_XLM,2023-12-30 15:48:10.255531
385,100,0,-100,USDC_XLM,2023-12-30 15:48:10.255531
386,100,0,-100,USDC_XLM,2023-12-30 15:48:10.255531
387,100,0,-100,USDC_XLM,2023-12-30 15:48:10.255531
388,100,0,-100,USDC_XLM,2023-12-30 15:48:10.255531
389,100,0,-100,USDC_XLM,2023-12-30 15:48:10.255531
390,100,0,-100,USDC_XLM,2023-12-30 15:48:10.255531
391,100,0,-100,USDC_XLM,2023-12-30 15:48:10.255531
392,100,0,-100,USDC_XLM,2023-12-30 15:48:10.255531
393,100,0,-100,USDC_XLM,2023-12-30 15:48:10.255531
394,100,0,-100,USDC_XLM,2023-12-30 15:48:10.255531
395,100,0,-100,USDC_XLM,2023-12-30 15:48:10.255531
396,100,0,-100,USDC_XLM,2023-12-30 15:48:10.255531
397,100,0,-100,USDC_XLM,2023-12-30 15:48:10.255531
398,100,0,-100,USDC_XLM,2023-12-30 15:48:10.255531
399,100,0,-100,USDC_XLM,2023-12-30 15:48:10.255531
400,100,0,-100,USDC_XLM,2023-12-30 15:48:10.255531
401,100,0,-100,USDC_XLM,2023-12-30 15:48:10.255531
402,100,0,-100,USDC_XLM,2023-12-30 15:48:10.255531
403,100,0,-100,USDC_XLM,2023-12-30 15:48:10.255531
404,100,0,-100,USDC_XLM,2023-12-30 15:48:10.255531
405,100,0,-100,USDC_XLM,2023-12-30 15:48:10.255531
406,100,0,-100,USDC_XLM,2023-12-30 15:48:10.255531
407,100,0,-100,USDC_XLM,2023-12-30 15:48:10.255531
408,100,0,-100,USDC_XLM,2023-12-30 15:48:10.255531
409,100,0,-100,USDC_XLM,2023-12-30 15:48:10.255531
410,100,0,-100,USDC_XLM,2023-12-30 15:48:10.255531
411,100,0,-100,USDC_XLM,2023-12-30 15:48:10.255531
412,100,0,-100,USDC_XLM,2023-12-30 15:48:10.255531
413,100,0,-100,USDC_XLM,2023-12-30 15:48:10.255531
414,100,0,-100,USDC_XLM,2023-12-30 15:48:10.255531
415,100,0,-100,USDC_XLM,2023-12-30 15:48:10.255531
416,100,0,-100,USDC_XLM,2023-12-30 15:48:10.255531
417,100,0,-100,USDC_XLM,2023-12-30 15:48:10.255531
418,100,0,-100,USDC_XLM,2023-12-30 15:48:10.255531
419,100,0,-100,USDC_XLM,2023-12-30 15:48:10.255531
420,100,0,-100,USDC_XLM,2023-12-30 15:48:10.255531
421,100,0,-100,USDC_XLM,2023-12-30 15:48:10.255531
422,100,0,-100,USDC_XLM,2023-12-30 15:48:10.255531
423,100,0,-100,USDC_XLM,2023-12-30 15:48:10.255531
424,100,0,-100,USDC_XLM,2023-12-30 15:48:10.255531
425,100,0,-100,USDC_XLM,2023-12-30 15:48:10.255531
426,100,0,-100,USDC_XLM,2023-12-30 15:48:10.255531
427,100,0,-100,USDC_XLM,2023-12-30 15:48:10.255531
428,100,0,-100,USDC_XLM,2023-12-30 15:48:10.255531
429,100,0,-100,USDC_XLM,2023-12-30 15:48:10.255531
430,100,0,-100,USDC_XLM,2023-12-30 15:48:10.255531
431,100,0,-100,USDC_XLM,2023-12-30 15:48:10.255531
432,100,0,-100,USDC_XLM,2023-12-30 15:48:10.255531
433,100,0,-100,USDC_XLM,2023-12-30 15:48:10.255531
434,100,0,-100,USDC_XLM,2023-12-30 15:48:10.255531
435,100,0,-100,USDC_XLM,2023-12-30 15:48:10.255531
436,100,0,-100,USDC_XLM,2023-12-30 15:48:10.255531
437,100,0,-100,USDC_XLM,2023-12-30 15:48:10.255531
438,100,0,-100,USDC_XLM,2023-12-30 15:48:10.255531
439,100,0,-100,USDC_XLM,2023-12-30 15:48:10.255531
440,100,0,-100,USDC_XLM,2023-12-30 15:48:10.255531
441,100,0,-100,USDC_XLM,2023-12-30 15:48:10.255531
442,100,0,-100,USDC_XLM,2023-12-30 15:48:10.255531
443,100,0,-100,USDC_XLM,2023-12-30 15:48:10.255531
444,100,0,-100,USDC_XLM,2023-12-30 15:48:10.255531
445,100,0,-100,USDC_XLM,2023-12-30 15:48:10.255531
446,100,0,-100,USDC_XLM,2023-12-30 15:48:10.255531
447,100,0,-100,USDC_XLM,2023-12-30 15:48:10.255531
448,100,0,-100,USDC_XLM,2023-12-30 15:48:10.255531
449,100,0,-100,USDC_XLM,2023-12-30 15:48:10.255531
450,100,0,-100,USDC_XLM,2023-12-30 15:48:10.255531
451,100,0,-100,USDC_XLM,2023-12-30 15:48:10.255531
452,100,0,-100,USDC_XLM,2023-12-30 15:48:10.255531
453,100,0,-100,USDC_XLM,2023-12-30 15:48:10.255531
454,100,0,-100,USDC_XLM,2023-12-30 15:48:10.255531
455,100,0,-100,USDC_XLM,2023-12-30 15:48:10.255531
456,100,0,-100,USDC_XLM,2023-12-30 15:48:10.255531
457,100,0,-100,USDC_XLM,2023-12-30 15:48:10.255531
458,100,0,-100,USDC_XLM,2023-12-30 15:48:10.255531
459,100,0,-100,USDC_XLM,2023-12-30 15:48:10.255531
460,100,0,-100,USDC_XLM,2023-12-30 15:48:10.255531
461,100,0,-100,USDC_XLM,2023-12-30 15:48:10.255531
462,100,0,-100,USDC_XLM,2023-12-30 15:48:10.255531
463,100,0,-100,USDC_XLM,2023-12-30 15:48:10.255531
464,100,0,-100,USDC_XLM,2023-12-30 15:48:10.255531
465,100,0,-100,USDC_XLM,2023-12-30 15:48:10.255531
466,100,0,-100,USDC_XLM,2023-12-30 15:48:10.255531
467,100,0,-100,USDC_XLM,2023-12-30 15:48:10.255531
468,100,0,-100,USDC_XLM,2023-12-30 15:48:10.255531
469,100,0,-100,USDC_XLM,2023-12-30 15:48:10.255531
470,100,0,-100,USDC_XLM,2023-12-30 15:48:10.255531
471,100,0,-100,USDC_XLM,2023-12-30 15:48:10.255531
472,100,0,-100,USDC_XLM,2023-12-30 15:48:10.255531
473,100,0,-100,USDC_XLM,2023-12-30 15:48:10.255531
474,100,0,-100,USDC_XLM,2023-12-30 15:48:10.255531
475,100,0,-100,USDC_XLM,2023-12-30 15:48:10.255531
476,100,0,-100,USDC_XLM,2023-12-30 15:48:10.255531
477,100,0,-100,USDC_XLM,2023-12-30 15:48:10.255531
478,100,0,-100,USDC_XLM,2023-12-30 15:48:10.255531
479,100,0,-100,USDC_XLM,2023-12-30 15:48:10.255531
480,100,0,-100,USDC_XLM,2023-12-30 15:48:10.255531
481,100,0,-100,USDC_XLM,2023-12-30 15:48:10.255531
482,100,0,-100,USDC_XLM,2023-12-30 15:48:10.255531
483,100,0,-100,USDC_XLM,2023-12-30 15:48:10.255531
484,100,0,-100,USDC_XLM,2023-12-30 15:48:10.255531
485,100,0,-100,USDC_XLM,2023-12-30 15:48:10.255531
486,100,0,-100,USDC_XLM,2023-12-30 15:48:10.255531
487,100,0,-100,USDC_XLM,2023-12-30 15:48:10.255531
488,100,0,-100,USDC_XLM,2023-12-30 15:48:10.255531
489,100,0,-100,USDC_XLM,2023-12-30 15:48:10.255531
490,100,0,-100,USDC_XLM,2023-12-30 15:48:10.255531
491,100,0,-100,USDC_XLM,2023-12-30 15:48:10.255531
492,100,0,-100,USDC_XLM,2023-12-30 15:48:10.255531
493,100,0,-100,USDC_XLM,2023-12-30 15:48:10.255531
494,100,0,-100,USDC_XLM,2023-12-30 15:48:10.255531
495,100,0,-100,USDC_XLM,2023-12-30 15:48:10.255531
496,100,0,-100,USDC_XLM,2023-12-30 15:48:10.255531
497,100,0,-100,USDC_XLM,2023-12-30 15:48:10.255531
498,100,0,-100,USDC_XLM,2023-12-30 15:48:10.255531
499,100,0,-100,USDC_XLM,2023-12-30 15:48:10.255531
500,100,0,-100,USDC_XLM,2023-12-30 15:48:10.255531
501,100,0,-100,USDC_XLM,2023-12-30 15:48:10.255531
502,100,0,-100,USDC_XLM,2023-12-30 15:48:10.255531
503,100,0,-100,USDC_XLM,2023-12-30 15:48:10.255531
504,100,0,-100,USDC_XLM,2023-12-30 15:48:10.255531
505,100,0,-100,USDC_XLM,2023-12-30 15:48:10.255531
506,100,0,-100,USDC_XLM,2023-12-30 15:48:10.255531
507,100,0,-100,USDC_XLM,2023-12-30 15:48:10.255531
508,100,0,-100,USDC_XLM,2023-12-30 15:48:10.255531
509,100,0,-100,USDC_XLM,2023-12-30 15:48:10.255531
510,100,0,-100,USDC_XLM,2023-12-30 15:48:10.255531
511,100,0,-100,USDC_XLM,2023-12-30 15:48:10.255531
512,100,0,-100,USDC_XLM,2023-12-30 15:48:10.255531
513,100,0,-100,USDC_XLM,2023-12-30 15:48:10.255531
514,100,0,-100,USDC_XLM,2023-12-30 15:48:10.255531
515,100,0,-100,USDC_XLM,2023-12-30 15:48:10.255531
516,100,0,-100,USDC_XLM,2023-12-30 15:48:10.255531
517,100,0,-100,USDC_XLM,2023-12-30 15:48:10.255531
518,100,0,-100,USDC_XLM,2023-12-30 15:48:10.255531
519,100,0,-100,USDC_XLM,2023-12-30 15:48:10.255531
520,100,0,-100,USDC_XLM,2023-12-30 15:48:10.255531
521,100,0,-100,USDC_XLM,2023-12-30 15:48:10.255531
522,100,0,-100,USDC_XLM,2023-12-30 15:48:10.255531
523,100,0,-100,USDC_XLM,2023-12-30 15:48:10.255531
524,100,0,-100,USDC_XLM,2023-12-30 15:48:10.255531
525,100,0,-100,USDC_XLM,2023-12-30 15:48:10.255531
526,100,0,-100,USDC_XLM,2023-12-30 15:48:10.255531
527,100,0,-100,USDC_XLM,2023-12-30 15:48:10.255531
528,100,0,-100,USDC_XLM,2023-12-30 15:48:10.255531
529,100,0,-100,USDC_XLM,2023-12-30 15:48:10.255531
530,100,0,-100,USDC_XLM,2023-12-30 15:48:10.255531
531,100,0,-100,USDC_XLM,2023-12-30 15:48:10.255531
532,100,0,-100,USDC_XLM,2023-12-30 15:48:10.255531
533,100,0,-100,USDC_XLM,2023-12-30 15:48:10.255531
534,100,0,-100,USDC_XLM,2023-12-30 15:48:10.255531
535,100,0,-100,USDC_XLM,2023-12-30 15:48:10.255531
536,100,0,-100,USDC_XLM,2023-12-30 15:48:10.255531
537,100,0,-100,USDC_XLM,2023-12-30 15:48:10.255531
538,100,0,-100,USDC_XLM,2023-12-30 15:48:10.255531
539,100,0,-100,USDC_XLM,2023-12-30 15:48:10.255531
540,100,0,-100,USDC_XLM,2023-12-30 15:48:10.255531
541,100,0,-100,USDC_XLM,2023-12-30 15:48:10.255531
542,100,0,-100,USDC_XLM,2023-12-30 15:48:10.255531
543,100,0,-100,USDC_XLM,2023-12-30 15:48:10.255531
544,100,0,-100,USDC_XLM,2023-12-30 15:48:10.255531
545,100,0,-100,USDC_XLM,2023-12-30 15:48:10.255531
546,100,0,-100,USDC_XLM,2023-12-30 15:48:10.255531
547,100,0,-100,USDC_XLM,2023-12-30 15:48:10.255531
548,100,0,-100,USDC_XLM,2023-12-30 15:48:10.255531
549,100,0,-100,USDC_XLM,2023-12-30 15:48:10.255531
550,100,0,-100,USDC_XLM,2023-12-30 15:48:10.255531
551,100,0,-100,USDC_XLM,2023-12-30 15:48:10.255531
552,100,0,-100,USDC_XLM,2023-12-30 15:48:10.255531
553,100,0,-100,USDC_XLM,2023-12-30 15:48:10.255531
554,100,0,-100,USDC_XLM,2023-12-30 15:48:10.255531
555,100,0,-100,USDC_XLM,2023-12-30 15:48:10.255531
556,100,0,-100,USDC_XLM,2023-12-30 15:48:10.255531
557,100,0,-100,USDC_XLM,2023-12-30 15:48:10.255531
558,100,0,-100,USDC_XLM,2023-12-30 15:48:10.255531
559,100,0,-100,USDC_XLM,2023-12-30 15:48:10.255531
560,100,0,-100,USDC_XLM,2023-12-30 15:48:10.255531
561,100,0,-100,USDC_XLM,2023-12-30 15:48:10.255531
562,100,0,-100,USDC_XLM,2023-12-30 15:48:10.255531
563,100,0,-100,USDC_XLM,2023-12-30 15:48:10.255531
564,100,0,-100,USDC_XLM,2023-12-30 15:48:10.255531
565,100,0,-100,USDC_XLM,2023-12-30 15:48:10.255531
566,100,0,-100,USDC_XLM,2023-12-30 15:48:10.255531
567,100,0,-100,USDC_XLM,2023-12-30 15:48:10.255531
568,100,0,-100,USDC_XLM,2023-12-30 15:48:10.255531
569,100,0,-100,USDC_XLM,2023-12-30 15:48:10.255531
570,100,0,-100,USDC_XLM,2023-12-30 15:48:10.255531
571,100,0,-100,USDC_XLM,2023-12-30 15:48:10.255531
572,100,0,-100,USDC_XLM,2023-12-30 15:48:10.255531
573,100,0,-100,USDC_XLM,2023-12-30 15:48:10.255531
574,100,0,-100,USDC_XLM,2023-12-30 15:48:10.255531
575,100,0,-100,USDC_XLM,2023-12-30 15:48:10.255531
576,100,0,-100,USDC_XLM,2023-12-30 15:48:10.255531
577,100,0,-100,USDC_XLM,2023-12-30 15:48:10.255531
578,100,0,-100,USDC_XLM,2023-12-30 15:48:10.255531
579,100,0,-100,USDC_XLM,2023-12-30 15:48:10.255531
580,100,0,-100,USDC_XLM,2023-12-30 15:48:10.255531
581,100,0,-100,USDC_XLM,2023-12-30 15:48:10.255531
582,100,0,-100,USDC_XLM,2023-12-30 15:48:10.255531
583,100,0,-100,USDC_XLM,2023-12-30 15:48:10.255531
584,100,0,-100,USDC_XLM,2023-12-30 15:48:10.255531
585,100,0,-100,USDC_XLM,2023-12-30 15:48:10.255531
586,100,0,-100,USDC_XLM,2023-12-30 15:48:10.255531
587,100,0,-100,USDC_XLM,2023-12-30 15:48:10.255531
588,100,0,-100,USDC_XLM,2023-12-30 15:48:10.255531
589,100,0,-100,USDC_XLM,2023-12-30 15:48:10.255531
590,100,0,-100,USDC_XLM,2023-12-30 15:48:10.255531
591,100,0,-100,USDC_XLM,2023-12-30 15:48:10.255531
592,100,0,-100,USDC_XLM,2023-12-30 15:48:10.255531
593,100,0,-100,USDC_XLM,2023-12-30 15:48:10.255531
594,100,0,-100,USDC_XLM,2023-12-30 15:48:10.255531
595,100,0,-100,USDC_XLM,2023-12-30 15:48:10.255531
596,100,0,-100,USDC_XLM,2023-12-30 15:48:10.255531
597,100,0,-100,USDC_XLM,2023-12-30 15:48:10.255531
598,100,0,-100,USDC_XLM,2023-12-30 15:48:10.255531
599,100,0,-100,USDC_XLM,2023-12-30 15:48:10.255531
600,100,0,-100,USDC_XLM,2023-12-30 15:48:10.255531
601,100,0,-100,USDC_XLM,2023-12-30 15:48:10.255531
602,100,0,-100,USDC_XLM,2023-12-30 15:48:10.255531
603,100,0,-100,USDC_XLM,2023-12-30 15:48:10.255531
604,100,0,-100,USDC_XLM,2023-12-30 15:48:10.255531
605,100,0,-100,USDC_XLM,2023-12-30 15:48:10.255531
606,100,0,-100,USDC_XLM,2023-12-30 15:48:10.255531
607,100,0,-100,USDC_XLM,2023-12-30 15:48:10.255531
608,100,0,-100,USDC_XLM,2023-12-30 15:48:10.255531
609,100,0,-100,USDC_XLM,2023-12-30 15:48:10.255531
610,100,0,-100,USDC_XLM,2023-12-30 15:48:10.255531
611,100,0,-100,USDC_XLM,2023-12-30 15:48:10.255531
612,100,0,-100,USDC_XLM,2023-12-30 15:48:10.255531
613,100,0,-100,USDC_XLM,2023-12-30 15:48:10.255531
614,100,0,-100,USDC_XLM,2023-12-30 15:48:10.255531
615,100,0,-100,USDC_XLM,2023-12-30 15:48:10.255531
616,100,0,-100,USDC_XLM,2023-12-30 15:48:10.255531
617,100,0,-100,USDC_XLM,2023-12-30 15:48:10.255531
618,100,0,-100,USDC_XLM,2023-12-30 15:48:10.255531
619,100,0,-100,USDC_XLM,2023-12-30 15:48:10.255531
620,100,0,-100,USDC_XLM,2023-12-30 15:48:10.255531
621,100,0,-100,USDC_XLM,2023-12-30 15:48:10.255531
622,100,0,-100,USDC_XLM,2023-12-30 15:48:10.255531
623,100,0,-100,USDC_XLM,2023-12-30 15:48:10.255531
624,100,0,-100,USDC_XLM,2023-12-30 15:48:10.255531
625,100,0,-100,USDC_XLM,2023-12-30 15:48:10.255531
626,100,0,-100,USDC_XLM,2023-12-30 15:48:10.255531
627,100,0,-100,USDC_XLM,2023-12-30 15:48:10.255531
628,100,0,-100,USDC_XLM,2023-12-30 15:48:10.255531
629,100,0,-100,USDC_XLM,2023-12-30 15:48:10.255531
630,100,0,-100,USDC_XLM,2023-12-30 15:48:10.255531
631,100,0,-100,USDC_XLM,2023-12-30 15:48:10.255531
632,100,0,-100,USDC_XLM,2023-12-30 15:48:10.255531
633,100,0,-100,USDC_XLM,2023-12-30 15:48:10.255531
634,100,0,-100,USDC_XLM,2023-12-30 15:48:10.255531
635,100,0,-100,USDC_XLM,2023-12-30 15:48:10.255531
636,100,0,-100,USDC_XLM,2023-12-30 15:48:10.255531
637,100,0,-100,USDC_XLM,2023-12-30 15:48:10.255531
638,100,0,-100,USDC_XLM,2023-12-30 15:48:10.255531
639,100,0,-100,USDC_XLM,2023-12-30 15:48:10.255531
640,100,0,-100,USDC_XLM,2023-12-30 15:48:10.255531
641,100,0,-100,USDC_XLM,2023-12-30 15:48:10.255531
642,100,0,-100,USDC_XLM,2023-12-30 15:48:10.255531
643,100,0,-100,USDC_XLM,2023-12-30 15:48:10.255531
644,100,0,-100,USDC_XLM,2023-12-30 15:48:10.255531
645,100,0,-100,USDC_XLM,2023-12-30 15:48:10.255531
646,100,0,-100,USDC_XLM,2023-12-30 15:48:10.255531
647,100,0,-100,USDC_XLM,2023-12-30 15:48:10.255531
648,100,0,-100,USDC_XLM,2023-12-30 15:48:10.255531
649,100,0,-100,USDC_XLM,2023-12-30 15:48:10.255531
650,100,0,-100,USDC_XLM,2023-12-30 15:48:10.255531
651,100,0,-100,USDC_XLM,2023-12-30 15:48:10.255531
652,100,0,-100,USDC_XLM,2023-12-30 15:48:10.255531
653,100,0,-100,USDC_XLM,2023-12-30 15:48:10.255531
654,100,0,-100,USDC_XLM,2023-12-30 15:48:10.255531
655,100,0,-100,USDC_XLM,2023-12-30 15:48:10.255531
656,100,0,-100,USDC_XLM,2023-12-30 15:48:10.255531
657,100,0,-100,USDC_XLM,2023-12-30 15:48:10.255531
658,100,0,-100,USDC_XLM,2023-12-30 15:48:10.255531
659,100,0,-100,USDC_XLM,2023-12-30 15:48:10.255531
660,100,0,-100,USDC_XLM,2023-12-30 15:48:10.255531
661,100,0,-100,USDC_XLM,2023-12-30 15:48:10.255531
662,100,0,-100,USDC_XLM,2023-12-30 15:48:10.255531
663,100,0,-100,USDC_XLM,2023-12-30 15:48:10.255531
664,100,0,-100,USDC_XLM,2023-12-30 15:48:10.255531
665,100,0,-100,USDC_XLM,2023-12-30 15:48:10.255531
666,100,0,-100,USDC_XLM,2023-12-30 15:48:10.255531
667,100,0,-100,USDC_XLM,2023-12-30 15:48:10.255531
668,100,0,-100,USDC_XLM,2023-12-30 15:48:10.255531
669,100,0,-100,USDC_XLM,2023-12-30 15:48:10.255531
670,100,0,-100,USDC_XLM,2023-12-30 15:48:10.255531
671,100,0,-100,USDC_XLM,2023-12-30 15:48:10.255531
672,100,0,-100,USDC_XLM,2023-12-30 15:48:10.255531
673,100,0,-100,USDC_XLM,2023-12-30 15:48:10.255531
674,100,0,-100,USDC_XLM,2023-12-30 15:48:10.255531
675,100,0,-100,USDC_XLM,2023-12-30 15:48:10.255531
676,100,0,-100,USDC_XLM,2023-12-30 15:48:10.255531
677,100,0,-100,USDC_XLM,2023-12-30 15:48:10.255531
678,100,0,-100,USDC_XLM,2023-12-30 15:48:10.255531
679,100,0,-100,USDC_XLM,2023-12-30 15:48:10.255531
680,100,0,-100,USDC_XLM,2023-12-30 15:48:10.255531
681,100,0,-100,USDC_XLM,2023-12-30 15:48:10.255531
682,100,0,-100,USDC_XLM,2023-12-30 15:48:10.255531
683,100,0,-100,USDC_XLM,2023-12-30 15:48:10.255531
684,100,0,-100,USDC_XLM,2023-12-30 15:48:10.255531
685,100,0,-100,USDC_XLM,2023-12-30 15:48:10.255531
686,100,0,-100,USDC_XLM,2023-12-30 15:48:10.255531
687,100,0,-100,USDC_XLM,2023-12-30 15:48:10.255531
688,100,0,-100,USDC_XLM,2023-12-30 15:48:10.255531
689,100,0,-100,USDC_XLM,2023-12-30 15:48:10.255531
690,100,0,-100,USDC_XLM,2023-12-30 15:48:10.255531
691,100,0,-100,USDC_XLM,2023-12-30 15:48:10.255531
692,100,0,-100,USDC_XLM,2023-12-30 15:48:10.255531
693,100,0,-100,USDC_XLM,2023-12-30 15:48:10.255531
694,100,0,-100,USDC_XLM,2023-12-30 15:48:10.255531
695,100,0,-100,USDC_XLM,2023-12-30 15:48:10.255531
696,100,0,-100,USDC_XLM,2023-12-30 15:48:10.255531
697,100,0,-100,USDC_XLM,2023-12-30 15:48:10.255531
698,100,0,-100,USDC_XLM,2023-12-30 15:48:10.255531
699,100,0,-100,USDC_XLM,2023-12-30 15:48:10.255531
700,100,0,-100,USDC_XLM,2023-12-30 15:48:10.255531
701,100,0,-100,USDC_XLM,2023-12-30 15:48:10.255531
702,100,0,-100,USDC_XLM,2023-12-30 15:48:10.255531
703,100,0,-100,USDC_XLM,2023-12-30 15:48:10.255531
704,101,0,-99,USDC_XLM,2023-12-30 15:48:10.255531
705,100,0,-100,USDC_XLM,2023-12-30 15:48:10.255531
706,100,0,-100,USDC_XLM,2023-12-30 15:48:10.255531
707,100,0,-100,USDC_XLM,2023-12-30 15:48:10.255531
708,100,0,-100,USDC_XLM,2023-12-30 15:48:10.255531
709,100,0,-100,USDC_XLM,2023-12-30 15:48:10.255531
710,100,0,-100,USDC_XLM,2023-12-30 15:48:10.255531
711,100,0,-100,USDC_XLM,2023-12-30 15:48:10.255531
712,100,0,-100,USDC_XLM,2023-12-30 15:48:10.255531
713,100,0,-100,USDC_XLM,2023-12-30 15:48:10.255531
714,100,0,-100,USDC_XLM,2023-12-30 15:48:10.255531
715,100,0,-100,USDC_XLM,2023-12-30 15:48:10.255531
716,100,0,-100,USDC_XLM,2023-12-30 15:48:10.255531
717,100,0,-100,USDC_XLM,2023-12-30 15:48:10.255531
718,100,0,-100,USDC_XLM,2023-12-30 15:48:10.255531
719,100,0,-100,USDC_XLM,2023-12-30 15:48:10.255531
720,100,0,-100,USDC_XLM,2023-12-30 15:48:10.255531
721,100,0,-100,USDC_XLM,2023-12-30 15:48:10.255531
722,100,0,-100,USDC_XLM,2023-12-30 15:48:10.255531
723,100,0,-100,USDC_XLM,2023-12-30 15:48:10.255531
724,100,0,-100,USDC_XLM,2023-12-30 15:48:10.255531
725,100,0,-100,USDC_XLM,2023-12-30 15:48:10.255531
726,100,0,-100,USDC_XLM,2023-12-30 15:48:10.255531
727,100,0,-100,USDC_XLM,2023-12-30 15:48:10.255531
728,100,0,-100,USDC_XLM,2023-12-30 15:48:10.255531
729,100,0,-100,USDC_XLM,2023-12-30 15:48:10.255531
730,100,0,-100,USDC_XLM,2023-12-30 15:48:10.255531
731,100,0,-100,USDC_XLM,2023-12-30 15:48:10.255531
732,100,0,-100,USDC_XLM,2023-12-30 15:48:10.255531
733,100,0,-100,USDC_XLM,2023-12-30 15:48:10.255531
734,100,0,-100,USDC_XLM,2023-12-30 15:48:10.255531
735,100,0,-100,USDC_XLM,2023-12-30 15:48:10.255531
736,100,0,-100,USDC_XLM,2023-12-30 15:48:10.255531
737,100,0,-100,USDC_XLM,2023-12-30 15:48:10.255531
738,100,0,-100,USDC_XLM,2023-12-30 15:48:10.255531
739,100,0,-100,USDC_XLM,2023-12-30 15:48:10.255531
740,100,0,-100,USDC_XLM,2023-12-30 15:48:10.255531
741,100,0,-100,USDC_XLM,2023-12-30 15:48:10.255531
742,100,0,-100,USDC_XLM,2023-12-30 15:48:10.255531
743,100,0,-100,USDC_XLM,2023-12-30 15:48:10.255531
744,100,0,-100,USDC_XLM,2023-12-30 15:48:10.255531
745,100,0,-100,USDC_XLM,2023-12-30 15:48:10.255531
746,100,0,-100,USDC_XLM,2023-12-30 15:48:10.255531
747,100,0,-100,USDC_XLM,2023-12-30 15:48:10.255531
748,100,0,-100,USDC_XLM,2023-12-30 15:48:10.255531
749,100,0,-100,USDC_XLM,2023-12-30 15:48:10.255531
750,100,0,-100,USDC_XLM,2023-12-30 15:48:10.255531
751,100,0,-100,USDC_XLM,2023-12-30 15:48:10.255531
752,100,0,-100,USDC_XLM,2023-12-30 15:48:10.255531
753,100,0,-100,USDC_XLM,2023-12-30 15:48:10.255531
754,100,0,-100,USDC_XLM,2023-12-30 15:48:10.255531
755,100,0,-100,USDC_XLM,2023-12-30 15:48:10.255531
756,100,0,-100,USDC_XLM,2023-12-30 15:48:10.255531
757,100,0,-100,USDC_XLM,2023-12-30 15:48:10.255531
758,100,0,-100,USDC_XLM,2023-12-30 15:48:10.255531
759,100,0,-100,USDC_XLM,2023-12-30 15:48:10.255531
760,100,0,-100,USDC_XLM,2023-12-30 15:48:10.255531
761,100,0,-100,USDC_XLM,2023-12-30 15:48:10.255531
762,100,0,-100,USDC_XLM,2023-12-30 15:48:10.255531
763,100,0,-100,USDC_XLM,2023-12-30 15:48:10.255531
764,100,0,-100,USDC_XLM,2023-12-30 15:48:10.255531
765,100,0,-100,USDC_XLM,2023-12-30 15:48:10.255531
766,100,0,-100,USDC_XLM,2023-12-30 15:48:10.255531
767,100,0,-100,USDC_XLM,2023-12-30 15:48:10.255531
768,100,0,-100,USDC_XLM,2023-12-30 15:48:10.255531
769,100,0,-100,USDC_XLM,2023-12-30 15:48:10.255531
770,100,0,-100,USDC_XLM,2023-12-30 15:48:10.255531
771,100,0,-100,USDC_XLM,2023-12-30 15:48:10.255531
772,100,0,-100,USDC_XLM,2023-12-30 15:48:10.255531
773,100,0,-100,USDC_XLM,2023-12-30 15:48:10.255531
774,100,0,-100,USDC_XLM,2023-12-30 15:48:10.255531
775,100,0,-100,USDC_XLM,2023-12-30 15:48:10.255531
776,100,0,-100,USDC_XLM,2023-12-30 15:48:10.255531
777,100,0,-100,USDC_XLM,2023-12-30 15:48:10.255531
778,100,0,-100,USDC_XLM,2023-12-30 15:48:10.255531
779,100,0,-100,USDC_XLM,2023-12-30 15:48:10.255531
780,100,0,-100,USDC_XLM,2023-12-30 15:48:10.255531
781,100,0,-100,USDC_XLM,2023-12-30 15:48:10.255531
782,100,0,-100,USDC_XLM,2023-12-30 15:48:10.255531
783,100,0,-100,USDC_XLM,2023-12-30 15:48:10.255531
784,100,0,-100,USDC_XLM,2023-12-30 15:48:10.255531
785,100,0,-100,USDC_XLM,2023-12-30 15:48:10.255531
786,100,0,-100,USDC_XLM,2023-12-30 15:48:10.255531
787,100,0,-100,USDC_XLM,2023-12-30 15:48:10.255531
788,100,0,-100,USDC_XLM,2023-12-30 15:48:10.255531
789,100,0,-100,USDC_XLM,2023-12-30 15:48:10.255531
790,100,0,-100,USDC_XLM,2023-12-30 15:48:10.255531
791,100,0,-100,USDC_XLM,2023-12-30 15:48:10.255531
792,100,0,-100,USDC_XLM,2023-12-30 15:48:10.255531
793,100,0,-100,USDC_XLM,2023-12-30 15:48:10.255531
794,100,0,-100,USDC_XLM,2023-12-30 15:48:10.255531
795,100,0,-100,USDC_XLM,2023-12-30 15:48:10.255531
796,100,0,-100,USDC_XLM,2023-12-30 15:48:10.255531
797,100,0,-100,USDC_XLM,2023-12-30 15:48:10.255531
798,100,0,-100,USDC_XLM,2023-12-30 15:48:10.255531
799,100,0,-100,USDC_XLM,2023-12-30 15:48:10.255531
800,100,0,-100,USDC_XLM,2023-12-30 15:48:10.255531
801,100,0,-100,USDC_XLM,2023-12-30 15:48:10.255531
802,100,0,-100,USDC_XLM,2023-12-30 15:48:10.255531
803,100,0,-100,USDC_XLM,2023-12-30 15:48:10.255531
804,100,0,-100,USDC_XLM,2023-12-30 15:48:10.255531
805,100,0,-100,USDC_XLM,2023-12-30 15:48:10.255531
806,100,0,-100,USDC_XLM,2023-12-30 15:48:10.255531
807,100,0,-100,USDC_XLM,2023-12-30 15:48:10.255531
808,100,0,-100,USDC_XLM,2023-12-30 15:48:10.255531
809,100,0,-100,USDC_XLM,2023-12-30 15:48:10.255531
810,100,0,-100,USDC_XLM,2023-12-30 15:48:10.255531
811,100,0,-100,USDC_XLM,2023-12-30 15:48:10.255531
812,100,0,-100,USDC_XLM,2023-12-30 15:48:10.255531
813,100,0,-100,USDC_XLM,2023-12-30 15:48:10.255531
814,100,0,-100,USDC_XLM,2023-12-30 15:48:10.255531
815,100,0,-100,USDC_XLM,2023-12-30 15:48:10.255531
816,100,0,-100,USDC_XLM,2023-12-30 15:48:10.255531
817,100,0,-100,USDC_XLM,2023-12-30 15:48:10.255531
818,100,0,-100,USDC_XLM,2023-12-30 15:48:10.255531
819,100,0,-100,USDC_XLM,2023-12-30 15:48:10.255531
820,100,0,-100,USDC_XLM,2023-12-30 15:48:10.255531
821,100,0,-100,USDC_XLM,2023-12-30 15:48:10.255531
822,100,0,-100,USDC_XLM,2023-12-30 15:48:10.255531
823,100,0,-100,USDC_XLM,2023-12-30 15:48:10.255531
824,100,0,-100,USDC_XLM,2023-12-30 15:48:10.255531
825,100,0,-100,USDC_XLM,2023-12-30 15:48:10.255531
826,100,0,-100,USDC_XLM,2023-12-30 15:48:10.255531
827,100,0,-100,USDC_XLM,2023-12-30 15:48:10.255531
828,100,0,-100,USDC_XLM,2023-12-30 15:48:10.255531
829,100,0,-100,USDC_XLM,2023-12-30 15:48:10.255531
830,100,0,-100,USDC_XLM,2023-12-30 15:48:10.255531
831,100,0,-100,USDC_XLM,2023-12-30 15:48:10.255531
832,100,0,-100,USDC_XLM,2023-12-30 15:48:10.255531
833,100,0,-100,USDC_XLM,2023-12-30 15:48:10.255531
834,100,0,-100,USDC_XLM,2023-12-30 15:48:10.255531
835,100,0,-100,USDC_XLM,2023-12-30 15:48:10.255531
836,100,0,-100,USDC_XLM,2023-12-30 15:48:10.255531
837,100,0,-100,USDC_XLM,2023-12-30 15:48:10.255531
838,100,0,-100,USDC_XLM,2023-12-30 15:48:10.255531
839,100,0,-100,USDC_XLM,2023-12-30 15:48:10.255531
840,100,0,-100,USDC_XLM,2023-12-30 15:48:10.255531
841,100,0,-100,USDC_XLM,2023-12-30 15:48:10.255531
842,100,0,-100,USDC_XLM,2023-12-30 15:48:10.255531
843,100,0,-100,USDC_XLM,2023-12-30 15:48:10.255531
844,100,0,-100,USDC_XLM,2023-12-30 15:48:10.255531
845,100,0,-100,USDC_XLM,2023-12-30 15:48:10.255531
846,100,0,-100,USDC_XLM,2023-12-30 15:48:10.255531
847,100,0,-100,USDC_XLM,2023-12-30 15:48:10.255531
848,100,0,-100,USDC_XLM,2023-12-30 15:48:10.255531
849,100,0,-100,USDC_XLM,2023-12-30 15:48:10.255531
850,100,0,-100,USDC_XLM,2023-12-30 15:48:10.255531
851,100,0,-100,USDC_XLM,2023-12-30 15:48:10.255531
852,100,0,-100,USDC_XLM,2023-12-30 15:48:10.255531
853,100,0,-100,USDC_XLM,2023-12-30 15:48:10.255531
854,100,0,-100,USDC_XLM,2023-12-30 15:48:10.255531
855,100,0,-100,USDC_XLM,2023-12-30 15:48:10.255531
856,100,0,-100,USDC_XLM,2023-12-30 15:48:10.255531
857,100,0,-100,USDC_XLM,2023-12-30 15:48:10.255531
858,100,0,-100,USDC_XLM,2023-12-30 15:48:10.255531
859,100,0,-100,USDC_XLM,2023-12-30 15:48:10.255531
860,100,0,-100,USDC_XLM,2023-12-30 15:48:10.255531
861,100,0,-100,USDC_XLM,2023-12-30 15:48:10.255531
862,100,0,-100,USDC_XLM,2023-12-30 15:48:10.255531
863,100,0,-100,USDC_XLM,2023-12-30 15:48:10.255531
864,100,0,-100,USDC_XLM,2023-12-30 15:48:10.255531
865,100,0,-100,USDC_XLM,2023-12-30 15:48:10.255531
866,100,0,-100,USDC_XLM,2023-12-30 15:48:10.255531
867,100,0,-100,USDC_XLM,2023-12-30 15:48:10.255531
868,100,0,-100,USDC_XLM,2023-12-30 15:48:10.255531
869,100,0,-100,USDC_XLM,2023-12-30 15:48:10.255531
870,100,0,-100,USDC_XLM,2023-12-30 15:48:10.255531
871,100,0,-100,USDC_XLM,2023-12-30 15:48:10.255531
872,100,0,-100,USDC_XLM,2023-12-30 15:48:10.255531
873,100,0,-100,USDC_XLM,2023-12-30 15:48:10.255531
874,100,0,-100,USDC_XLM,2023-12-30 15:48:10.255531
875,100,0,-100,USDC_XLM,2023-12-30 15:48:10.255531
876,100,0,-100,USDC_XLM,2023-12-30 15:48:10.255531
877,100,0,-100,USDC_XLM,2023-12-30 15:48:10.255531
878,100,0,-100,USDC_XLM,2023-12-30 15:48:10.255531
879,100,0,-100,USDC_XLM,2023-12-30 15:48:10.255531
880,101,0,-99,USDC_XLM,2023-12-30 15:48:10.255531
881,100,0,-100,USDC_XLM,2023-12-30 15:48:10.255531
882,100,0,-100,USDC_XLM,2023-12-30 15:48:10.255531
883,100,0,-100,USDC_XLM,2023-12-30 15:48:10.255531
884,100,0,-100,USDC_XLM,2023-12-30 15:48:10.255531
885,100,0,-100,USDC_XLM,2023-12-30 15:48:10.255531
886,100,0,-100,USDC_XLM,2023-12-30 15:48:10.255531
887,100,0,-100,USDC_XLM,2023-12-30 15:48:10.255531
888,100,0,-100,USDC_XLM,2023-12-30 15:48:10.255531
889,100,0,-100,USDC_XLM,2023-12-30 15:48:10.255531
890,100,0,-100,USDC_XLM,2023-12-30 15:48:10.255531
891,100,0,-100,USDC_XLM,2023-12-30 15:48:10.255531
892,100,0,-100,USDC_XLM,2023-12-30 15:48:10.255531
893,100,0,-100,USDC_XLM,2023-12-30 15:48:10.255531
894,100,0,-100,USDC_XLM,2023-12-30 15:48:10.255531
895,100,0,-100,USDC_XLM,2023-12-30 15:48:10.255531
896,100,0,-100,USDC_XLM,2023-12-30 15:48:10.255531
897,100,0,-100,USDC_XLM,2023-12-30 15:48:10.255531
898,100,0,-100,USDC_XLM,2023-12-30 15:48:10.255531
899,100,0,-100,USDC_XLM,2023-12-30 15:48:10.255531
900,100,0,-100,USDC_XLM,2023-12-30 15:48:10.255531
901,100,0,-100,USDC_XLM,2023-12-30 15:48:10.255531
902,100,0,-100,USDC_XLM,2023-12-30 15:48:10.255531
903,100,0,-100,USDC_XLM,2023-12-30 15:48:10.255531
904,100,0,-100,USDC_XLM,2023-12-30 15:48:10.255531
905,100,0,-100,USDC_XLM,2023-12-30 15:48:10.255531
906,100,0,-100,USDC_XLM,2023-12-30 15:48:10.255531
907,100,0,-100,USDC_XLM,2023-12-30 15:48:10.255531
908,100,0,-100,USDC_XLM,2023-12-30 15:48:10.255531
909,100,0,-100,USDC_XLM,2023-12-30 15:48:10.255531
910,100,0,-100,USDC_XLM,2023-12-30 15:48:10.255531
911,100,0,-100,USDC_XLM,2023-12-30 15:48:10.255531
912,100,0,-100,USDC_XLM,2023-12-30 15:48:10.255531
913,100,0,-100,USDC_XLM,2023-12-30 15:48:10.255531
914,100,0,-100,USDC_XLM,2023-12-30 15:48:10.255531
915,100,0,-100,USDC_XLM,2023-12-30 15:48:10.255531
916,100,0,-100,USDC_XLM,2023-12-30 15:48:10.255531
917,100,0,-100,USDC_XLM,2023-12-30 15:48:10.255531
918,100,0,-100,USDC_XLM,2023-12-30 15:48:10.255531
919,100,0,-100,USDC_XLM,2023-12-30 15:48:10.255531
920,100,0,-100,USDC_XLM,2023-12-30 15:48:10.255531
921,100,0,-100,USDC_XLM,2023-12-30 15:48:10.255531
922,100,0,-100,USDC_XLM,2023-12-30 15:48:10.255531
923,100,0,-100,USDC_XLM,2023-12-30 15:48:10.255531
924,100,0,-100,USDC_XLM,2023-12-30 15:48:10.255531
925,100,0,-100,USDC_XLM,2023-12-30 15:48:10.255531
926,100,0,-100,USDC_XLM,2023-12-30 15:48:10.255531
927,100,0,-100,USDC_XLM,2023-12-30 15:48:10.255531
928,100,0,-100,USDC_XLM,2023-12-30 15:48:10.255531
929,100,0,-100,USDC_XLM,2023-12-30 15:48:10.255531
930,100,0,-100,USDC_XLM,2023-12-30 15:48:10.255531
931,100,0,-100,USDC_XLM,2023-12-30 15:48:10.255531
932,100,0,-100,USDC_XLM,2023-12-30 15:48:10.255531
933,100,0,-100,USDC_XLM,2023-12-30 15:48:10.255531
934,100,0,-100,USDC_XLM,2023-12-30 15:48:10.255531
935,100,0,-100,USDC_XLM,2023-12-30 15:48:10.255531
936,100,0,-100,USDC_XLM,2023-12-30 15:48:10.255531
937,100,0,-100,USDC_XLM,2023-12-30 15:48:10.255531
938,100,0,-100,USDC_XLM,2023-12-30 15:48:10.255531
939,100,0,-100,USDC_XLM,2023-12-30 15:48:10.255531
940,100,0,-100,USDC_XLM,2023-12-30 15:48:10.255531
941,100,0,-100,USDC_XLM,2023-12-30 15:48:10.255531
942,100,0,-100,USDC_XLM,2023-12-30 15:48:10.255531
943,100,0,-100,USDC_XLM,2023-12-30 15:48:10.255531
944,100,0,-100,USDC_XLM,2023-12-30 15:48:10.255531
945,100,0,-100,USDC_XLM,2023-12-30 15:48:10.255531
946,100,0,-100,USDC_XLM,2023-12-30 15:48:10.255531
947,100,0,-100,USDC_XLM,2023-12-30 15:48:10.255531
948,100,0,-100,USDC_XLM,2023-12-30 15:48:10.255531
949,100,0,-100,USDC_XLM,2023-12-30 15:48:10.255531
950,100,0,-100,USDC_XLM,2023-12-30 15:48:10.255531
951,100,0,-100,USDC_XLM,2023-12-30 15:48:10.255531
952,100,0,-100,USDC_XLM,2023-12-30 15:48:10.255531
953,100,0,-100,USDC_XLM,2023-12-30 15:48:10.255531
954,100,0,-100,USDC_XLM,2023-12-30 15:48:10.255531
955,100,0,-100,USDC_XLM,2023-12-30 15:48:10.255531
956,100,0,-100,USDC_XLM,2023-12-30 15:48:10.255531
957,100,0,-100,USDC_XLM,2023-12-30 15:48:10.255531
958,100,0,-100,USDC_XLM,2023-12-30 15:48:10.255531
959,100,0,-100,USDC_XLM,2023-12-30 15:48:10.255531
960,100,0,-100,USDC_XLM,2023-12-30 15:48:10.255531
961,100,0,-100,USDC_XLM,2023-12-30 15:48:10.255531
962,100,0,-100,USDC_XLM,2023-12-30 15:48:10.255531
963,100,0,-100,USDC_XLM,2023-12-30 15:48:10.255531
964,100,0,-100,USDC_XLM,2023-12-30 15:48:10.255531
965,100,0,-100,USDC_XLM,2023-12-30 15:48:10.255531
966,100,0,-100,USDC_XLM,2023-12-30 15:48:10.255531
967,100,0,-100,USDC_XLM,2023-12-30 15:48:10.255531
968,100,0,-100,USDC_XLM,2023-12-30 15:48:10.255531
969,100,0,-100,USDC_XLM,2023-12-30 15:48:10.255531
970,100,0,-100,USDC_XLM,2023-12-30 15:48:10.255531
971,100,0,-100,USDC_XLM,2023-12-30 15:48:10.255531
972,100,0,-100,USDC_XLM,2023-12-30 15:48:10.255531
973,100,0,-100,USDC_XLM,2023-12-30 15:48:10.255531
974,100,0,-100,USDC_XLM,2023-12-30 15:48:10.255531
975,100,0,-100,USDC_XLM,2023-12-30 15:48:10.255531
976,100,0,-100,USDC_XLM,2023-12-30 15:48:10.255531
977,100,0,-100,USDC_XLM,2023-12-30 15:48:10.255531
978,100,0,-100,USDC_XLM,2023-12-30 15:48:10.255531
979,100,0,-100,USDC_XLM,2023-12-30 15:48:10.255531
980,100,0,-100,USDC_XLM,2023-12-30 15:48:10.255531
981,100,0,-100,USDC_XLM,2023-12-30 15:48:10.255531
982,100,0,-100,USDC_XLM,2023-12-30 15:48:10.255531
983,100,0,-100,USDC_XLM,2023-12-30 15:48:10.255531
984,100,0,-100,USDC_XLM,2023-12-30 15:48:10.255531
985,100,0,-100,USDC_XLM,2023-12-30 15:48:10.255531
986,100,0,-100,USDC_XLM,2023-12-30 15:48:10.255531
987,100,0,-100,USDC_XLM,2023-12-30 15:48:10.255531
988,100,0,-100,USDC_XLM,2023-12-30 15:48:10.255531
989,100,0,-100,USDC_XLM,2023-12-30 15:48:10.255531
990,100,0,-100,USDC_XLM,2023-12-30 15:48:10.255531
991,100,0,-100,USDC_XLM,2023-12-30 15:48:10.255531
992,100,0,-100,USDC_XLM,2023-12-30 15:48:10.255531
993,100,0,-100,USDC_XLM,2023-12-30 15:48:10.255531
994,100,0,-100,USDC_XLM,2023-12-30 15:48:10.255531
995,100,0,-100,USDC_XLM,2023-12-30 15:48:10.255531
996,100,0,-100,USDC_XLM,2023-12-30 15:48:10.255531
997,100,0,-100,USDC_XLM,2023-12-30 15:48:10.255531
998,100,0,-100,USDC_XLM,2023-12-30 15:48:10.255531
999,100,0,-100,USDC_XLM,2023-12-30 15:48:10.255531
1000,100,0,-100,USDC_XLM,2023-12-30 15:48:10.255531
1001,100,0,-100,USDC_XLM,2023-12-30 15:48:10.255531
1002,100,0,-100,USDC_XLM,2023-12-30 15:48:10.255531
1003,100,0,-100,USDC_XLM,2023-12-30 15:48:10.255531
1004,100,0,-100,USDC_XLM,2023-12-30 15:48:10.255531
1005,100,0,-100,USDC_XLM,2023-12-30 15:48:10.255531
1006,100,0,-100,USDC_XLM,2023-12-30 15:48:10.255531
1007,100,0,-100,USDC_XLM,2023-12-30 15:48:10.255531
1008,100,0,-100,USDC_XLM,2023-12-30 15:48:10.255531
1009,100,0,-100,USDC_XLM,2023-12-30 15:48:10.255531
1010,100,0,-100,USDC_XLM,2023-12-30 15:48:10.255531
1011,100,0,-100,USDC_XLM,2023-12-30 15:48:10.255531
1012,100,0,-100,USDC_XLM,2023-12-30 15:48:10.255531
1013,100,0,-100,USDC_XLM,2023-12-30 15:48:10.255531
1014,100,0,-100,USDC_XLM,2023-12-30 15:48:10.255531
1015,100,0,-100,USDC_XLM,2023-12-30 15:48:10.255531
1016,100,0,-100,USDC_XLM,2023-12-30 15:48:10.255531
1017,100,0,-100,USDC_XLM,2023-12-30 15:48:10.255531
1018,100,0,-100,USDC_XLM,2023-12-30 15:48:10.255531
1019,100,0,-100,USDC_XLM,2023-12-30 15:48:10.255531
1020,100,0,-100,USDC_XLM,2023-12-30 15:48:10.255531
1021,100,0,-100,USDC_XLM,2023-12-30 15:48:10.255531
1022,100,0,-100,USDC_XLM,2023-12-30 15:48:10.255531
1023,100,0,-100,USDC_XLM,2023-12-30 15:48:10.255531
1024,100,0,-100,USDC_XLM,2023-12-30 15:48:10.255531
1025,100,0,-100,USDC_XLM,2023-12-30 15:48:10.255531
1026,100,0,-100,USDC_XLM,2023-12-30 15:48:10.255531
1027,100,0,-100,USDC_XLM,2023-12-30 15:48:10.255531
1028,100,0,-100,USDC_XLM,2023-12-30 15:48:10.255531
1029,100,0,-100,USDC_XLM,2023-12-30 15:48:10.255531
1030,100,0,-100,USDC_XLM,2023-12-30 15:48:10.255531
1031,100,0,-100,USDC_XLM,2023-12-30 15:48:10.255531
1032,100,0,-100,USDC_XLM,2023-12-30 15:48:10.255531
1033,100,0,-100,USDC_XLM,2023-12-30 15:48:10.255531
1034,100,0,-100,USDC_XLM,2023-12-30 15:48:10.255531
1035,100,0,-100,USDC_XLM,2023-12-30 15:48:10.255531
1036,100,0,-100,USDC_XLM,2023-12-30 15:48:10.255531
1037,100,0,-100,USDC_XLM,2023-12-30 15:48:10.255531
1038,100,0,-100,USDC_XLM,2023-12-30 15:48:10.255531
1039,100,0,-100,USDC_XLM,2023-12-30 15:48:10.255531
1040,100,0,-100,USDC_XLM,2023-12-30 15:48:10.255531
1041,100,0,-100,USDC_XLM,2023-12-30 15:48:10.255531
1042,100,0,-100,USDC_XLM,2023-12-30 15:48:10.255531
1043,100,0,-100,USDC_XLM,2023-12-30 15:48:10.255531
1044,100,0,-100,USDC_XLM,2023-12-30 15:48:10.255531
1045,100,0,-100,USDC_XLM,2023-12-30 15:48:10.255531
1046,100,0,-100,USDC_XLM,2023-12-30 15:48:10.255531
1047,100,0,-100,USDC_XLM,2023-12-30 15:48:10.255531
1048,100,0,-100,USDC_XLM,2023-12-30 15:48:10.255531
1049,100,0,-100,USDC_XLM,2023-12-30 15:48:10.255531
1050,100,0,-100,USDC_XLM,2023-12-30 15:48:10.255531
1051,100,0,-100,USDC_XLM,2023-12-30 15:48:10.255531
1052,100,0,-100,USDC_XLM,2023-12-30 15:48:10.255531
1053,100,0,-100,USDC_XLM,2023-12-30 15:48:10.255531
1054,100,0,-100,USDC_XLM,2023-12-30 15:48:10.255531
1055,100,0,-100,USDC_XLM,2023-12-30 15:48:10.255531
1056,101,0,-99,USDC_XLM,2023-12-30 15:48:10.255531
1057,100,0,-100,USDC_XLM,2023-12-30 15:48:10.255531
1058,100,0,-100,USDC_XLM,2023-12-30 15:48:10.255531
1059,100,0,-100,USDC_XLM,2023-12-30 15:48:10.255531
1060,100,0,-100,USDC_XLM,2023-12-30 15:48:10.255531
1061,100,0,-100,USDC_XLM,2023-12-30 15:48:10.255531
1062,100,0,-100,USDC_XLM,2023-12-30 15:48:10.255531
1063,100,0,-100,USDC_XLM,2023-12-30 15:48:10.255531
1064,100,0,-100,USDC_XLM,2023-12-30 15:48:10.255531
1065,100,0,-100,USDC_XLM,2023-12-30 15:48:10.255531
1066,100,0,-100,USDC_XLM,2023-12-30 15:48:10.255531
1067,100,0,-100,USDC_XLM,2023-12-30 15:48:10.255531
1068,100,0,-100,USDC_XLM,2023-12-30 15:48:10.255531
1069,100,0,-100,USDC_XLM,2023-12-30 15:48:10.255531
1070,100,0,-100,USDC_XLM,2023-12-30 15:48:10.255531
1071,100,0,-100,USDC_XLM,2023-12-30 15:48:10.255531
1072,100,0,-100,USDC_XLM,2023-12-30 15:48:10.255531
1073,100,0,-100,USDC_XLM,2023-12-30 15:48:10.255531
1074,100,0,-100,USDC_XLM,2023-12-30 15:48:10.255531
1075,100,0,-100,USDC_XLM,2023-12-30 15:48:10.255531
1076,100,0,-100,USDC_XLM,2023-12-30 15:48:10.255531
1077,100,0,-100,USDC_XLM,2023-12-30 15:48:10.255531
1078,100,0,-100,USDC_XLM,2023-12-30 15:48:10.255531
1079,100,0,-100,USDC_XLM,2023-12-30 15:48:10.255531
1080,100,0,-100,USDC_XLM,2023-12-30 15:48:10.255531
1081,100,0,-100,USDC_XLM,2023-12-30 15:48:10.255531
1082,100,0,-100,USDC_XLM,2023-12-30 15:48:10.255531
1083,100,0,-100,USDC_XLM,2023-12-30 15:48:10.255531
1084,100,0,-100,USDC_XLM,2023-12-30 15:48:10.255531
1085,100,0,-100,USDC_XLM,2023-12-30 15:48:10.255531
1086,100,0,-100,USDC_XLM,2023-12-30 15:48:10.255531
1087,100,0,-100,USDC_XLM,2023-12-30 15:48:10.255531
1088,100,0,-100,USDC_XLM,2023-12-30 15:48:10.255531
1089,100,0,-100,USDC_XLM,2023-12-30 15:48:10.255531
1090,100,0,-100,USDC_XLM,2023-12-30 15:48:10.255531
1091,100,0,-100,USDC_XLM,2023-12-30 15:48:10.255531
1092,100,0,-100,USDC_XLM,2023-12-30 15:48:10.255531
1093,100,0,-100,USDC_XLM,2023-12-30 15:48:10.255531
1094,100,0,-100,USDC_XLM,2023-12-30 15:48:10.255531
1095,100,0,-100,USDC_XLM,2023-12-30 15:48:10.255531
1096,100,0,-100,USDC_XLM,2023-12-30 15:48:10.255531
1097,100,0,-100,USDC_XLM,2023-12-30 15:48:10.255531
1098,100,0,-100,USDC_XLM,2023-12-30 15:48:10.255531
1099,100,0,-100,USDC_XLM,2023-12-30 15:48:10.255531
1100,100,0,-100,USDC_XLM,2023-12-30 15:48:10.255531
1101,100,0,-100,USDC_XLM,2023-12-30 15:48:10.255531
1102,100,0,-100,USDC_XLM,2023-12-30 15:48:10.255531
1103,100,0,-100,USDC_XLM,2023-12-30 15:48:10.255531
1104,100,0,-100,USDC_XLM,2023-12-30 15:48:10.255531
1105,100,0,-100,USDC_XLM,2023-12-30 15:48:10.255531
1106,100,0,-100,USDC_XLM,2023-12-30 15:48:10.255531
1107,100,0,-100,USDC_XLM,2023-12-30 15:48:10.255531
1108,100,0,-100,USDC_XLM,2023-12-30 15:48:10.255531
1109,100,0,-100,USDC_XLM,2023-12-30 15:48:10.255531
1110,100,0,-100,USDC_XLM,2023-12-30 15:48:10.255531
1111,100,0,-100,USDC_XLM,2023-12-30 15:48:10.255531
1112,100,0,-100,USDC_XLM,2023-12-30 15:48:10.255531
1113,100,0,-100,USDC_XLM,2023-12-30 15:48:10.255531
1114,100,0,-100,USDC_XLM,2023-12-30 15:48:10.255531
1115,100,0,-100,USDC_XLM,2023-12-30 15:48:10.255531
1116,100,0,-100,USDC_XLM,2023-12-30 15:48:10.255531
1117,100,0,-100,USDC_XLM,2023-12-30 15:48:10.255531
1118,100,0,-100,USDC_XLM,2023-12-30 15:48:10.255531
1119,100,0,-100,USDC_XLM,2023-12-30 15:48:10.255531
1120,100,0,-100,USDC_XLM,2023-12-30 15:48:10.255531
1121,100,0,-100,USDC_XLM,2023-12-30 15:48:10.255531
1122,100,0,-100,USDC_XLM,2023-12-30 15:48:10.255531
1123,100,0,-100,USDC_XLM,2023-12-30 15:48:10.255531
1124,100,0,-100,USDC_XLM,2023-12-30 15:48:10.255531
1125,100,0,-100,USDC_XLM,2023-12-30 15:48:10.255531
1126,100,0,-100,USDC_XLM,2023-12-30 15:48:10.255531
1127,100,0,-100,USDC_XLM,2023-12-30 15:48:10.255531
1128,100,0,-100,USDC_XLM,2023-12-30 15:48:10.255531
1129,100,0,-100,USDC_XLM,2023-12-30 15:48:10.255531
1130,100,0,-100,USDC_XLM,2023-12-30 15:48:10.255531
1131,100,0,-100,USDC_XLM,2023-12-30 15:48:10.255531
1132,100,0,-100,USDC_XLM,2023-12-30 15:48:10.255531
1133,100,0,-100,USDC_XLM,2023-12-30 15:48:10.255531
1134,100,0,-100,USDC_XLM,2023-12-30 15:48:10.255531
1135,100,0,-100,USDC_XLM,2023-12-30 15:48:10.255531
1136,100,0,-100,USDC_XLM,2023-12-30 15:48:10.255531
1137,100,0,-100,USDC_XLM,2023-12-30 15:48:10.255531
1138,100,0,-100,USDC_XLM,2023-12-30 15:48:10.255531
1139,100,0,-100,USDC_XLM,2023-12-30 15:48:10.255531
1140,100,0,-100,USDC_XLM,2023-12-30 15:48:10.255531
1141,100,0,-100,USDC_XLM,2023-12-30 15:48:10.255531
1142,100,0,-100,USDC_XLM,2023-12-30 15:48:10.255531
1143,100,0,-100,USDC_XLM,2023-12-30 15:48:10.255531
1144,100,0,-100,USDC_XLM,2023-12-30 15:48:10.255531
1145,100,0,-100,USDC_XLM,2023-12-30 15:48:10.255531
1146,100,0,-100,USDC_XLM,2023-12-30 15:48:10.255531
1147,100,0,-100,USDC_XLM,2023-12-30 15:48:10.255531
1148,100,0,-100,USDC_XLM,2023-12-30 15:48:10.255531
1149,100,0,-100,USDC_XLM,2023-12-30 15:48:10.255531
1150,100,0,-100,USDC_XLM,2023-12-30 15:48:10.255531
1151,100,0,-100,USDC_XLM,2023-12-30 15:48:10.255531
1152,100,0,-100,USDC_XLM,2023-12-30 15:48:10.255531
1153,100,0,-100,USDC_XLM,2023-12-30 15:48:10.255531
1154,100,0,-100,USDC_XLM,2023-12-30 15:48:10.255531
1155,100,0,-100,USDC_XLM,2023-12-30 15:48:10.255531
1156,100,0,-100,USDC_XLM,2023-12-30 15:48:10.255531
1157,100,0,-100,USDC_XLM,2023-12-30 15:48:10.255531
1158,100,0,-100,USDC_XLM,2023-12-30 15:48:10.255531
1159,100,0,-100,USDC_XLM,2023-12-30 15:48:10.255531
1160,100,0,-100,USDC_XLM,2023-12-30 15:48:10.255531
1161,100,0,-100,USDC_XLM,2023-12-30 15:48:10.255531
1162,100,0,-100,USDC_XLM,2023-12-30 15:48:10.255531
1163,100,0,-100,USDC_XLM,2023-12-30 15:48:10.255531
1164,100,0,-100,USDC_XLM,2023-12-30 15:48:10.255531
1165,100,0,-100,USDC_XLM,2023-12-30 15:48:10.255531
1166,100,0,-100,USDC_XLM,2023-12-30 15:48:10.255531
1167,100,0,-100,USDC_XLM,2023-12-30 15:48:10.255531
1168,100,0,-100,USDC_XLM,2023-12-30 15:48:10.255531
1169,100,0,-100,USDC_XLM,2023-12-30 15:48:10.255531
1170,100,0,-100,USDC_XLM,2023-12-30 15:48:10.255531
1171,100,0,-100,USDC_XLM,2023-12-30 15:48:10.255531
1172,100,0,-100,USDC_XLM,2023-12-30 15:48:10.255531
1173,100,0,-100,USDC_XLM,2023-12-30 15:48:10.255531
1174,100,0,-100,USDC_XLM,2023-12-30 15:48:10.255531
1175,100,0,-100,USDC_XLM,2023-12-30 15:48:10.255531
1176,100,0,-100,USDC_XLM,2023-12-30 15:48:10.255531
1177,100,0,-100,USDC_XLM,2023-12-30 15:48:10.255531
1178,100,0,-100,USDC_XLM,2023-12-30 15:48:10.255531
1179,100,0,-100,USDC_XLM,2023-12-30 15:48:10.255531
1180,100,0,-100,USDC_XLM,2023-12-30 15:48:10.255531
1181,100,0,-100,USDC_XLM,2023-12-30 15:48:10.255531
1182,100,0,-100,USDC_XLM,2023-12-30 15:48:10.255531
1183,100,0,-100,USDC_XLM,2023-12-30 15:48:10.255531
1184,100,0,-100,USDC_XLM,2023-12-30 15:48:10.255531
1185,100,0,-100,USDC_XLM,2023-12-30 15:48:10.255531
1186,100,0,-100,USDC_XLM,2023-12-30 15:48:10.255531
1187,100,0,-100,USDC_XLM,2023-12-30 15:48:10.255531
1188,100,0,-100,USDC_XLM,2023-12-30 15:48:10.255531
1189,100,0,-100,USDC_XLM,2023-12-30 15:48:10.255531
1190,100,0,-100,USDC_XLM,2023-12-30 15:48:10.255531
1191,100,0,-100,USDC_XLM,2023-12-30 15:48:10.255531
1192,100,0,-100,USDC_XLM,2023-12-30 15:48:10.255531
1193,100,0,-100,USDC_XLM,2023-12-30 15:48:10.255531
1194,100,0,-100,USDC_XLM,2023-12-30 15:48:10.255531
1195,100,0,-100,USDC_XLM,2023-12-30 15:48:10.255531
1196,100,0,-100,USDC_XLM,2023-12-30 15:48:10.255531
1197,100,0,-100,USDC_XLM,2023-12-30 15:48:10.255531
1198,100,0,-100,USDC_XLM,2023-12-30 15:48:10.255531
1199,100,0,-100,USDC_XLM,2023-12-30 15:48:10.255531
1200,100,0,-100,USDC_XLM,2023-12-30 15:48:10.255531
1201,100,0,-100,USDC_XLM,2023-12-30 15:48:10.255531
1202,100,0,-100,USDC_XLM,2023-12-30 15:48:10.255531
1203,100,0,-100,USDC_XLM,2023-12-30 15:48:10.255531
1204,100,0,-100,USDC_XLM,2023-12-30 15:48:10.255531
1205,100,0,-100,USDC_XLM,2023-12-30 15:48:10.255531
1206,100,0,-100,USDC_XLM,2023-12-30 15:48:10.255531
1207,100,0,-100,USDC_XLM,2023-12-30 15:48:10.255531
1208,100,0,-100,USDC_XLM,2023-12-30 15:48:10.255531
1209,100,0,-100,USDC_XLM,2023-12-30 15:48:10.255531
1210,100,0,-100,USDC_XLM,2023-12-30 15:48:10.255531
1211,100,0,-100,USDC_XLM,2023-12-30 15:48:10.255531
1212,100,0,-100,USDC_XLM,2023-12-30 15:48:10.255531
1213,100,0,-100,USDC_XLM,2023-12-30 15:48:10.255531
1214,100,0,-100,USDC_XLM,2023-12-30 15:48:10.255531
1215,100,0,-100,USDC_XLM,2023-12-30 15:48:10.255531
1216,100,0,-100,USDC_XLM,2023-12-30 15:48:10.255531
1217,100,0,-100,USDC_XLM,2023-12-30 15:48:10.255531
1218,100,0,-100,USDC_XLM,2023-12-30 15:48:10.255531
1219,100,0,-100,USDC_XLM,2023-12-30 15:48:10.255531
1220,100,0,-100,USDC_XLM,2023-12-30 15:48:10.255531
1221,100,0,-100,USDC_XLM,2023-12-30 15:48:10.255531
1222,100,0,-100,USDC_XLM,2023-12-30 15:48:10.255531
1223,100,0,-100,USDC_XLM,2023-12-30 15:48:10.255531
1224,100,0,-100,USDC_XLM,2023-12-30 15:48:10.255531
1225,100,0,-100,USDC_XLM,2023-12-30 15:48:10.255531
1226,100,0,-100,USDC_XLM,2023-12-30 15:48:10.255531
1227,100,0,-100,USDC_XLM,2023-12-30 15:48:10.255531
1228,100,0,-100,USDC_XLM,2023-12-30 15:48:10.255531
1229,100,0,-100,USDC_XLM,2023-12-30 15:48:10.255531
1230,100,0,-100,USDC_XLM,2023-12-30 15:48:10.255531
1231,100,0,-100,USDC_XLM,2023-12-30 15:48:10.255531
1232,100,0,-100,USDC_XLM,2023-12-30 15:48:10.255531
1233,100,0,-100,USDC_XLM,2023-12-30 15:48:10.255531
1234,100,0,-100,USDC_XLM,2023-12-30 15:48:10.255531
1235,100,0,-100,USDC_XLM,2023-12-30 15:48:10.255531
1236,100,0,-100,USDC_XLM,2023-12-30 15:48:10.255531
1237,100,0,-100,USDC_XLM,2023-12-30 15:48:10.255531
1238,100,0,-100,USDC_XLM,2023-12-30 15:48:10.255531
1239,100,0,-100,USDC_XLM,2023-12-30 15:48:10.255531
1240,100,0,-100,USDC_XLM,2023-12-30 15:48:10.255531
1241,100,0,-100,USDC_XLM,2023-12-30 15:48:10.255531
1242,100,0,-100,USDC_XLM,2023-12-30 15:48:10.255531
1243,100,0,-100,USDC_XLM,2023-12-30 15:48:10.255531
1244,100,0,-100,USDC_XLM,2023-12-30 15:48:10.255531
1245,100,0,-100,USDC_XLM,2023-12-30 15:48:10.255531
1246,100,0,-100,USDC_XLM,2023-12-30 15:48:10.255531
1247,100,0,-100,USDC_XLM,2023-12-30 15:48:10.255531
1248,100,0,-100,USDC_XLM,2023-12-30 15:48:10.255531
1249,100,0,-100,USDC_XLM,2023-12-30 15:48:10.255531
1250,100,0,-100,USDC_XLM,2023-12-30 15:48:10.255531
1251,100,0,-100,USDC_XLM,2023-12-30 15:48:10.255531
1252,100,0,-100,USDC_XLM,2023-12-30 15:48:10.255531
1253,100,0,-100,USDC_XLM,2023-12-30 15:48:10.255531
1254,100,0,-100,USDC_XLM,2023-12-30 15:48:10.255531
1255,100,0,-100,USDC_XLM,2023-12-30 15:48:10.255531
1256,100,0,-100,USDC_XLM,2023-12-30 15:48:10.255531
1257,100,0,-100,USDC_XLM,2023-12-30 15:48:10.255531
1258,100,0,-100,USDC_XLM,2023-12-30 15:48:10.255531
1259,100,0,-100,USDC_XLM,2023-12-30 15:48:10.255531
1260,100,0,-100,USDC_XLM,2023-12-30 15:48:10.255531
1261,100,0,-100,USDC_XLM,2023-12-30 15:48:10.255531
1262,100,0,-100,USDC_XLM,2023-12-30 15:48:10.255531
1263,100,0,-100,USDC_XLM,2023-12-30 15:48:10.255531
1264,100,0,-100,USDC_XLM,2023-12-30 15:48:10.255531
1265,100,0,-100,USDC_XLM,2023-12-30 15:48:10.255531
1266,100,0,-100,USDC_XLM,2023-12-30 15:48:10.255531
1267,100,0,-100,USDC_XLM,2023-12-30 15:48:10.255531
1268,100,0,-100,USDC_XLM,2023-12-30 15:48:10.255531
1269,100,0,-100,USDC_XLM,2023-12-30 15:48:10.255531
1270,100,0,-100,USDC_XLM,2023-12-30 15:48:10.255531
1271,100,0,-100,USDC_XLM,2023-12-30 15:48:10.255531
1272,100,0,-100,USDC_XLM,2023-12-30 15:48:10.255531
1273,100,0,-100,USDC_XLM,2023-12-30 15:48:10.255531
1274,100,0,-100,USDC_XLM,2023-12-30 15:48:10.255531
1275,100,0,-100,USDC_XLM,2023-12-30 15:48:10.255531
1276,100,0,-100,USDC_XLM,2023-12-30 15:48:10.255531
1277,100,0,-100,USDC_XLM,2023-12-30 15:48:10.255531
1278,100,0,-100,USDC_XLM,2023-12-30 15:48:10.255531
1279,100,0,-100,USDC_XLM,2023-12-30 15:48:10.255531
1280,100,0,-100,USDC_XLM,2023-12-30 15:48:10.255531
1281,100,0,-100,USDC_XLM,2023-12-30 15:48:10.255531
1282,100,0,-100,USDC_XLM,2023-12-30 15:48:10.255531
1283,100,0,-100,USDC_XLM,2023-12-30 15:48:10.255531
1284,100,0,-100,USDC_XLM,2023-12-30 15:48:10.255531
1285,100,0,-100,USDC_XLM,2023-12-30 15:48:10.255531
1286,100,0,-100,USDC_XLM,2023-12-30 15:48:10.255531
1287,100,0,-100,USDC_XLM,2023-12-30 15:48:10.255531
1288,100,0,-100,USDC_XLM,2023-12-30 15:48:10.255531
1289,100,0,-100,USDC_XLM,2023-12-30 15:48:10.255531
1290,100,0,-100,USDC_XLM,2023-12-30 15:48:10.255531
1291,100,0,-100,USDC_XLM,2023-12-30 15:48:10.255531
1292,100,0,-100,USDC_XLM,2023-12-30 15:48:10.255531
1293,100,0,-100,USDC_XLM,2023-12-30 15:48:10.255531
1294,100,0,-100,USDC_XLM,2023-12-30 15:48:10.255531
1295,100,0,-100,USDC_XLM,2023-12-30 15:48:10.255531
1296,100,0,-100,USDC_XLM,2023-12-30 15:48:10.255531
1297,100,0,-100,USDC_XLM,2023-12-30 15:48:10.255531
1298,100,0,-100,USDC_XLM,2023-12-30 15:48:10.255531
1299,100,0,-100,USDC_XLM,2023-12-30 15:48:10.255531
1300,100,0,-100,USDC_XLM,2023-12-30 15:48:10.255531
1301,100,0,-100,USDC_XLM,2023-12-30 15:48:10.255531
1302,100,0,-100,USDC_XLM,2023-12-30 15:48:10.255531
1303,100,0,-100,USDC_XLM,2023-12-30 15:48:10.255531
1304,100,0,-100,USDC_XLM,2023-12-30 15:48:10.255531
1305,100,0,-100,USDC_XLM,2023-12-30 15:48:10.255531
1306,100,0,-100,USDC_XLM,2023-12-30 15:48:10.255531
1307,100,0,-100,USDC_XLM,2023-12-30 15:48:10.255531
1308,100,0,-100,USDC_XLM,2023-12-30 15:48:10.255531
1309,100,0,-100,USDC_XLM,2023-12-30 15:48:10.255531
1310,100,0,-100,USDC_XLM,2023-12-30 15:48:10.255531
1311,100,0,-100,USDC_XLM,2023-12-30 15:48:10.255531
1312,100,0,-100,USDC_XLM,2023-12-30 15:48:10.255531
1313,100,0,-100,USDC_XLM,2023-12-30 15:48:10.255531
1314,100,0,-100,USDC_XLM,2023-12-30 15:48:10.255531
1315,100,0,-100,USDC_XLM,2023-12-30 15:48:10.255531
1316,100,0,-100,USDC_XLM,2023-12-30 15:48:10.255531
1317,100,0,-100,USDC_XLM,2023-12-30 15:48:10.255531
1318,100,0,-100,USDC_XLM,2023-12-30 15:48:10.255531
1319,100,0,-100,USDC_XLM,2023-12-30 15:48:10.255531
1320,100,0,-100,USDC_XLM,2023-12-30 15:48:10.255531
1321,100,0,-100,USDC_XLM,2023-12-30 15:48:10.255531
1322,100,0,-100,USDC_XLM,2023-12-30 15:48:10.255531
1323,100,0,-100,USDC_XLM,2023-12-30 15:48:10.255531
1324,100,0,-100,USDC_XLM,2023-12-30 15:48:10.255531
1325,100,0,-100,USDC_XLM,2023-12-30 15:48:10.255531
1326,100,0,-100,USDC_XLM,2023-12-30 15:48:10.255531
1327,100,0,-100,USDC_XLM,2023-12-30 15:48:10.255531
1328,100,0,-100,USDC_XLM,2023-12-30 15:48:10.255531
1329,100,0,-100,USDC_XLM,2023-12-30 15:48:10.255531
1330,100,0,-100,USDC_XLM,2023-12-30 15:48:10.255531
1331,100,0,-100,USDC_XLM,2023-12-30 15:48:10.255531
1332,100,0,-100,USDC_XLM,2023-12-30 15:48:10.255531
1333,100,0,-100,USDC_XLM,2023-12-30 15:48:10.255531
1334,100,0,-100,USDC_XLM,2023-12-30 15:48:10.255531
1335,100,0,-100,USDC_XLM,2023-12-30 15:48:10.255531
1336,100,0,-100,USDC_XLM,2023-12-30 15:48:10.255531
1337,100,0,-100,USDC_XLM,2023-12-30 15:48:10.255531
1338,100,0,-100,USDC_XLM,2023-12-30 15:48:10.255531
1339,100,0,-100,USDC_XLM,2023-12-30 15:48:10.255531
1340,100,0,-100,USDC_XLM,2023-12-30 15:48:10.255531
1341,100,0,-100,USDC_XLM,2023-12-30 15:48:10.255531
1342,100,0,-100,USDC_XLM,2023-12-30 15:48:10.255531
1343,100,0,-100,USDC_XLM,2023-12-30 15:48:10.255531
1344,100,0,-100,USDC_XLM,2023-12-30 15:48:10.255531
1345,100,0,-100,USDC_XLM,2023-12-30 15:48:10.255531
1346,100,0,-100,USDC_XLM,2023-12-30 15:48:10.255531
1347,100,0,-100,USDC_XLM,2023-12-30 15:48:10.255531
1348,100,0,-100,USDC_XLM,2023-12-30 15:48:10.255531
1349,100,0,-100,USDC_XLM,2023-12-30 15:48:10.255531
1350,100,0,-100,USDC_XLM,2023-12-30 15:48:10.255531
1351,100,0,-100,USDC_XLM,2023-12-30 15:48:10.255531
1352,100,0,-100,USDC_XLM,2023-12-30 15:48:10.255531
1353,100,0,-100,USDC_XLM,2023-12-30 15:48:10.255531
1354,100,0,-100,USDC_XLM,2023-12-30 15:48:10.255531
1355,100,0,-100,USDC_XLM,2023-12-30 15:48:10.255531
1356,100,0,-100,USDC_XLM,2023-12-30 15:48:10.255531
1357,100,0,-100,USDC_XLM,2023-12-30 15:48:10.255531
1358,100,0,-100,USDC_XLM,2023-12-30 15:48:10.255531
1359,100,0,-100,USDC_XLM,2023-12-30 15:48:10.255531
1360,100,0,-100,USDC_XLM,2023-12-30 15:48:10.255531
1361,100,0,-100,USDC_XLM,2023-12-30 15:48:10.255531
1362,100,0,-100,USDC_XLM,2023-12-30 15:48:10.255531
1363,100,0,-100,USDC_XLM,2023-12-30 15:48:10.255531
1364,100,0,-100,USDC_XLM,2023-12-30 15:48:10.255531
1365,100,0,-100,USDC_XLM,2023-12-30 15:48:10.255531
1366,100,0,-100,USDC_XLM,2023-12-30 15:48:10.255531
1367,100,0,-100,USDC_XLM,2023-12-30 15:48:10.255531
1368,100,0,-100,USDC_XLM,2023-12-30 15:48:10.255531
1369,100,0,-100,USDC_XLM,2023-12-30 15:48:10.255531
1370,100,0,-100,USDC_XLM,2023-12-30 15:48:10.255531
1371,100,0,-100,USDC_XLM,2023-12-30 15:48:10.255531
1372,100,0,-100,USDC_XLM,2023-12-30 15:48:10.255531
1373,100,0,-100,USDC_XLM,2023-12-30 15:48:10.255531
1374,100,0,-100,USDC_XLM,2023-12-30 15:48:10.255531
1375,100,0,-100,USDC_XLM,2023-12-30 15:48:10.255531
1376,100,0,-100,USDC_XLM,2023-12-30 15:48:10.255531
1377,100,0,-100,USDC_XLM,2023-12-30 15:48:10.255531
1378,100,0,-100,USDC_XLM,2023-12-30 15:48:10.255531
1379,100,0,-100,USDC_XLM,2023-12-30 15:48:10.255531
1380,100,0,-100,USDC_XLM,2023-12-30 15:48:10.255531
1381,100,0,-100,USDC_XLM,2023-12-30 15:48:10.255531
1382,100,0,-100,USDC_XLM,2023-12-30 15:48:10.255531
1383,100,0,-100,USDC_XLM,2023-12-30 15:48:10.255531
1384,100,0,-100,USDC_XLM,2023-12-30 15:48:10.255531
1385,100,0,-100,USDC_XLM,2023-12-30 15:48:10.255531
1386,100,0,-100,USDC_XLM,2023-12-30 15:48:10.255531
1387,100,0,-100,USDC_XLM,2023-12-30 15:48:10.255531
1388,100,0,-100,USDC_XLM,2023-12-30 15:48:10.255531
1389,100,0,-100,USDC_XLM,2023-12-30 15:48:10.255531
1390,100,0,-100,USDC_XLM,2023-12-30 15:48:10.255531
1391,100,0,-100,USDC_XLM,2023-12-30 15:48:10.255531
1392,100,0,-100,USDC_XLM,2023-12-30 15:48:10.255531
1393,100,0,-100,USDC_XLM,2023-12-30 15:48:10.255531
1394,100,0,-100,USDC_XLM,2023-12-30 15:48:10.255531
1395,100,0,-100,USDC_XLM,2023-12-30 15:48:10.255531
1396,100,0,-100,USDC_XLM,2023-12-30 15:48:10.255531
1397,100,0,-100,USDC_XLM,2023-12-30 15:48:10.255531
1398,100,0,-100,USDC_XLM,2023-12-30 15:48:10.255531
1399,100,0,-100,USDC_XLM,2023-12-30 15:48:10.255531
1400,100,0,-100,USDC_XLM,2023-12-30 15:48:10.255531
1401,100,0,-100,USDC_XLM,2023-12-30 15:48:10.255531
1402,100,0,-100,USDC_XLM,2023-12-30 15:48:10.255531
1403,100,0,-100,USDC_XLM,2023-12-30 15:48:10.255531
1404,100,0,-100,USDC_XLM,2023-12-30 15:48:10.255531
1405,100,0,-100,USDC_XLM,2023-12-30 15:48:10.255531
1406,100,0,-100,USDC_XLM,2023-12-30 15:48:10.255531
1407,100,0,-100,USDC_XLM,2023-12-30 15:48:10.255531
1408,100,0,-100,USDC_XLM,2023-12-30 15:48:10.255531
1409,100,0,-100,USDC_XLM,2023-12-30 15:48:10.255531
1410,100,0,-100,USDC_XLM,2023-12-30 15:48:10.255531
1411,100,0,-100,USDC_XLM,2023-12-30 15:48:10.255531
1412,100,0,-100,USDC_XLM,2023-12-30 15:48:10.255531
1413,100,0,-100,USDC_XLM,2023-12-30 15:48:10.255531
1414,100,0,-100,USDC_XLM,2023-12-30 15:48:10.255531
1415,100,0,-100,USDC_XLM,2023-12-30 15:48:10.255531
1416,100,0,-100,USDC_XLM,2023-12-30 15:48:10.255531
1417,100,0,-100,USDC_XLM,2023-12-30 15:48:10.255531
1418,100,0,-100,USDC_XLM,2023-12-30 15:48:10.255531
1419,100,0,-100,USDC_XLM,2023-12-30 15:48:10.255531
1420,100,0,-100,USDC_XLM,2023-12-30 15:48:10.255531
1421,100,0,-100,USDC_XLM,2023-12-30 15:48:10.255531
1422,100,0,-100,USDC_XLM,2023-12-30 15:48:10.255531
1423,100,0,-100,USDC_XLM,2023-12-30 15:48:10.255531
1424,100,0,-100,USDC_XLM,2023-12-30 15:48:10.255531
1425,100,0,-100,USDC_XLM,2023-12-30 15:48:10.255531
1426,100,0,-100,USDC_XLM,2023-12-30 15:48:10.255531
1427,100,0,-100,USDC_XLM,2023-12-30 15:48:10.255531
1428,100,0,-100,USDC_XLM,2023-12-30 15:48:10.255531
1429,100,0,-100,USDC_XLM,2023-12-30 15:48:10.255531
1430,100,0,-100,USDC_XLM,2023-12-30 15:48:10.255531
1431,100,0,-100,USDC_XLM,2023-12-30 15:48:10.255531
1432,100,0,-100,USDC_XLM,2023-12-30 15:48:10.255531
1433,100,0,-100,USDC_XLM,2023-12-30 15:48:10.255531
1434,100,0,-100,USDC_XLM,2023-12-30 15:48:10.255531
1435,100,0,-100,USDC_XLM,2023-12-30 15:48:10.255531
1436,100,0,-100,USDC_XLM,2023-12-30 15:48:10.255531
1437,100,0,-100,USDC_XLM,2023-12-30 15:48:10.255531
1438,100,0,-100,USDC_XLM,2023-12-30 15:48:10.255531
1439,100,0,-100,USDC_XLM,2023-12-30 15:48:10.255531
1440,100,0,-100,USDC_XLM,2023-12-30 15:48:10.255531
1441,100,0,-100,USDC_XLM,2023-12-30 15:48:10.255531
1442,100,0,-100,USDC_XLM,2023-12-30 15:48:10.255531
1443,100,0,-100,USDC_XLM,2023-12-30 15:48:10.255531
1444,100,0,-100,USDC_XLM,2023-12-30 15:48:10.255531
1445,100,0,-100,USDC_XLM,2023-12-30 15:48:10.255531
1446,100,0,-100,USDC_XLM,2023-12-30 15:48:10.255531
1447,100,0,-100,USDC_XLM,2023-12-30 15:48:10.255531
1448,100,0,-100,USDC_XLM,2023-12-30 15:48:10.255531
1449,100,0,-100,USDC_XLM,2023-12-30 15:48:10.255531
1450,100,0,-100,USDC_XLM,2023-12-30 15:48:10.255531
1451,100,0,-100,USDC_XLM,2023-12-30 15:48:10.255531
1452,100,0,-100,USDC_XLM,2023-12-30 15:48:10.255531
1453,100,0,-100,USDC_XLM,2023-12-30 15:48:10.255531
1454,100,0,-100,USDC_XLM,2023-12-30 15:48:10.255531
1455,100,0,-100,USDC_XLM,2023-12-30 15:48:10.255531
1456,100,0,-100,USDC_XLM,2023-12-30 15:48:10.255531
1457,100,0,-100,USDC_XLM,2023-12-30 15:48:10.255531
1458,100,0,-100,USDC_XLM,2023-12-30 15:48:10.255531
1459,100,0,-100,USDC_XLM,2023-12-30 15:48:10.255531
1460,100,0,-100,USDC_XLM,2023-12-30 15:48:10.255531
1461,100,0,-100,USDC_XLM,2023-12-30 15:48:10.255531
1462,100,0,-100,USDC_XLM,2023-12-30 15:48:10.255531
1463,100,0,-100,USDC_XLM,2023-12-30 15:48:10.255531
1464,100,0,-100,USDC_XLM,2023-12-30 15:48:10.255531
1465,100,0,-100,USDC_XLM,2023-12-30 15:48:10.255531
1466,100,0,-100,USDC_XLM,2023-12-30 15:48:10.255531
1467,100,0,-100,USDC_XLM,2023-12-30 15:48:10.255531
1468,100,0,-100,USDC_XLM,2023-12-30 15:48:10.255531
1469,100,0,-100,USDC_XLM,2023-12-30 15:48:10.255531
1470,100,0,-100,USDC_XLM,2023-12-30 15:48:10.255531
1471,100,0,-100,USDC_XLM,2023-12-30 15:48:10.255531
1472,100,0,-100,USDC_XLM,2023-12-30 15:48:10.255531
1473,100,0,-100,USDC_XLM,2023-12-30 15:48:10.255531
1474,100,0,-100,USDC_XLM,2023-12-30 15:48:10.255531
1475,100,0,-100,USDC_XLM,2023-12-30 15:48:10.255531
1476,100,0,-100,USDC_XLM,2023-12-30 15:48:10.255531
1477,100,0,-100,USDC_XLM,2023-12-30 15:48:10.255531
1478,100,0,-100,USDC_XLM,2023-12-30 15:48:10.255531
1479,100,0,-100,USDC_XLM,2023-12-30 15:48:10.255531
1480,100,0,-100,USDC_XLM,2023-12-30 15:48:10.255531
1481,100,0,-100,USDC_XLM,2023-12-30 15:48:10.255531
1482,100,0,-100,USDC_XLM,2023-12-30 15:48:10.255531
1483,100,0,-100,USDC_XLM,2023-12-30 15:48:10.255531
1484,100,0,-100,USDC_XLM,2023-12-30 15:48:10.255531
1485,100,0,-100,USDC_XLM,2023-12-30 15:48:10.255531
1486,100,0,-100,USDC_XLM,2023-12-30 15:48:10.255531
1487,100,0,-100,USDC_XLM,2023-12-30 15:48:10.255531
1488,100,0,-100,USDC_XLM,2023-12-30 15:48:10.255531
1489,100,0,-100,USDC_XLM,2023-12-30 15:48:10.255531
1490,100,0,-100,USDC_XLM,2023-12-30 15:48:10.255531
1491,100,0,-100,USDC_XLM,2023-12-30 15:48:10.255531
1492,100,0,-100,USDC_XLM,2023-12-30 15:48:10.255531
1493,100,0,-100,USDC_XLM,2023-12-30 15:48:10.255531
1494,100,0,-100,USDC_XLM,2023-12-30 15:48:10.255531
1495,100,0,-100,USDC_XLM,2023-12-30 15:48:10.255531
1496,100,0,-100,USDC_XLM,2023-12-30 15:48:10.255531
1497,100,0,-100,USDC_XLM,2023-12-30 15:48:10.255531
1498,100,0,-100,USDC_XLM,2023-12-30 15:48:10.255531
1499,100,0,-100,USDC_XLM,2023-12-30 15:48:10.255531
1500,100,0,-100,USDC_XLM,2023-12-30 15:48:10.255531
1501,100,0,-100,USDC_XLM,2023-12-30 15:48:10.255531
1502,100,0,-100,USDC_XLM,2023-12-30 15:48:10.255531
1503,100,0,-100,USDC_XLM,2023-12-30 15:48:10.255531
1504,100,0,-100,USDC_XLM,2023-12-30 15:48:10.255531
1505,100,0,-100,USDC_XLM,2023-12-30 15:48:10.255531
1506,100,0,-100,USDC_XLM,2023-12-30 15:48:10.255531
1507,100,0,-100,USDC_XLM,2023-12-30 15:48:10.255531
1508,100,0,-100,USDC_XLM,2023-12-30 15:48:10.255531
1509,100,0,-100,USDC_XLM,2023-12-30 15:48:10.255531
1510,100,0,-100,USDC_XLM,2023-12-30 15:48:10.255531
1511,100,0,-100,USDC_XLM,2023-12-30 15:48:10.255531
1512,100,0,-100,USDC_XLM,2023-12-30 15:48:10.255531
1513,100,0,-100,USDC_XLM,2023-12-30 15:48:10.255531
1514,100,0,-100,USDC_XLM,2023-12-30 15:48:10.255531
1515,100,0,-100,USDC_XLM,2023-12-30 15:48:10.255531
1516,100,0,-100,USDC_XLM,2023-12-30 15:48:10.255531
1517,100,0,-100,USDC_XLM,2023-12-30 15:48:10.255531
1518,100,0,-100,USDC_XLM,2023-12-30 15:48:10.255531
1519,100,0,-100,USDC_XLM,2023-12-30 15:48:10.255531
1520,100,0,-100,USDC_XLM,2023-12-30 15:48:10.255531
1521,100,0,-100,USDC_XLM,2023-12-30 15:48:10.255531
1522,100,0,-100,USDC_XLM,2023-12-30 15:48:10.255531
1523,100,0,-100,USDC_XLM,2023-12-30 15:48:10.255531
1524,100,0,-100,USDC_XLM,2023-12-30 15:48:10.255531
1525,100,0,-100,USDC_XLM,2023-12-30 15:48:10.255531
1526,100,0,-100,USDC_XLM,2023-12-30 15:48:10.255531
1527,100,0,-100,USDC_XLM,2023-12-30 15:48:10.255531
1528,100,0,-100,USDC_XLM,2023-12-30 15:48:10.255531
1529,100,0,-100,USDC_XLM,2023-12-30 15:48:10.255531
1530,100,0,-100,USDC_XLM,2023-12-30 15:48:10.255531
1531,100,0,-100,USDC_XLM,2023-12-30 15:48:10.255531
1532,100,0,-100,USDC_XLM,2023-12-30 15:48:10.255531
1533,100,0,-100,USDC_XLM,2023-12-30 15:48:10.255531
1534,100,0,-100,USDC_XLM,2023-12-30 15:48:10.255531
1535,100,0,-100,USDC_XLM,2023-12-30 15:48:10.255531
1536,100,0,-100,USDC_XLM,2023-12-30 15:48:10.255531
1537,100,0,-100,USDC_XLM,2023-12-30 15:48:10.255531
1538,100,0,-100,USDC_XLM,2023-12-30 15:48:10.255531
1539,100,0,-100,USDC_XLM,2023-12-30 15:48:10.255531
1540,100,0,-100,USDC_XLM,2023-12-30 15:48:10.255531
1541,100,0,-100,USDC_XLM,2023-12-30 15:48:10.255531
1542,100,0,-100,USDC_XLM,2023-12-30 15:48:10.255531
1543,100,0,-100,USDC_XLM,2023-12-30 15:48:10.255531
1544,100,0,-100,USDC_XLM,2023-12-30 15:48:10.255531
1545,100,0,-100,USDC_XLM,2023-12-30 15:48:10.255531
1546,100,0,-100,USDC_XLM,2023-12-30 15:48:10.255531
1547,100,0,-100,USDC_XLM,2023-12-30 15:48:10.255531
1548,100,0,-100,USDC_XLM,2023-12-30 15:48:10.255531
1549,100,0,-100,USDC_XLM,2023-12-30 15:48:10.255531
1550,100,0,-100,USDC_XLM,2023-12-30 15:48:10.255531
1551,100,0,-100,USDC_XLM,2023-12-30 15:48:10.255531
1552,100,0,-100,USDC_XLM,2023-12-30 15:48:10.255531
1553,100,0,-100,USDC_XLM,2023-12-30 15:48:10.255531
1554,100,0,-100,USDC_XLM,2023-12-30 15:48:10.255531
1555,100,0,-100,USDC_XLM,2023-12-30 15:48:10.255531
1556,100,0,-100,USDC_XLM,2023-12-30 15:48:10.255531
1557,100,0,-100,USDC_XLM,2023-12-30 15:48:10.255531
1558,100,0,-100,USDC_XLM,2023-12-30 15:48:10.255531
1559,100,0,-100,USDC_XLM,2023-12-30 15:48:10.255531
1560,100,0,-100,USDC_XLM,2023-12-30 15:48:10.255531
1561,100,0,-100,USDC_XLM,2023-12-30 15:48:10.255531
1562,100,0,-100,USDC_XLM,2023-12-30 15:48:10.255531
1563,100,0,-100,USDC_XLM,2023-12-30 15:48:10.255531
1564,100,0,-100,USDC_XLM,2023-12-30 15:48:10.255531
1565,100,0,-100,USDC_XLM,2023-12-30 15:48:10.255531
1566,100,0,-100,USDC_XLM,2023-12-30 15:48:10.255531
1567,100,0,-100,USDC_XLM,2023-12-30 15:48:10.255531
1568,100,0,-100,USDC_XLM,2023-12-30 15:48:10.255531
1569,100,0,-100,USDC_XLM,2023-12-30 15:48:10.255531
1570,100,0,-100,USDC_XLM,2023-12-30 15:48:10.255531
1571,100,0,-100,USDC_XLM,2023-12-30 15:48:10.255531
1572,100,0,-100,USDC_XLM,2023-12-30 15:48:10.255531
1573,100,0,-100,USDC_XLM,2023-12-30 15:48:10.255531
1574,100,0,-100,USDC_XLM,2023-12-30 15:48:10.255531
1575,100,0,-100,USDC_XLM,2023-12-30 15:48:10.255531
1576,100,0,-100,USDC_XLM,2023-12-30 15:48:10.255531
1577,100,0,-100,USDC_XLM,2023-12-30 15:48:10.255531
1578,100,0,-100,USDC_XLM,2023-12-30 15:48:10.255531
1579,100,0,-100,USDC_XLM,2023-12-30 15:48:10.255531
1580,100,0,-100,USDC_XLM,2023-12-30 15:48:10.255531
1581,100,0,-100,USDC_XLM,2023-12-30 15:48:10.255531
1582,100,0,-100,USDC_XLM,2023-12-30 15:48:10.255531
1583,100,0,-100,USDC_XLM,2023-12-30 15:48:10.255531
1584,101,0,-99,USDC_XLM,2023-12-30 15:48:10.255531
1585,100,0,-100,USDC_XLM,2023-12-30 15:48:10.255531
1586,100,0,-100,USDC_XLM,2023-12-30 15:48:10.255531
1587,100,0,-100,USDC_XLM,2023-12-30 15:48:10.255531
1588,100,0,-100,USDC_XLM,2023-12-30 15:48:10.255531
1589,100,0,-100,USDC_XLM,2023-12-30 15:48:10.255531
1590,100,0,-100,USDC_XLM,2023-12-30 15:48:10.255531
1591,100,0,-100,USDC_XLM,2023-12-30 15:48:10.255531
1592,100,0,-100,USDC_XLM,2023-12-30 15:48:10.255531
1593,100,0,-100,USDC_XLM,2023-12-30 15:48:10.255531
1594,100,0,-100,USDC_XLM,2023-12-30 15:48:10.255531
1595,100,0,-100,USDC_XLM,2023-12-30 15:48:10.255531
1596,100,0,-100,USDC_XLM,2023-12-30 15:48:10.255531
1597,100,0,-100,USDC_XLM,2023-12-30 15:48:10.255531
1598,100,0,-100,USDC_XLM,2023-12-30 15:48:10.255531
1599,100,0,-100,USDC_XLM,2023-12-30 15:48:10.255531
1600,100,0,-100,USDC_XLM,2023-12-30 15:48:10.255531
1601,100,0,-100,USDC_XLM,2023-12-30 15:48:10.255531
1602,100,0,-100,USDC_XLM,2023-12-30 15:48:10.255531
1603,100,0,-100,USDC_XLM,2023-12-30 15:48:10.255531
1604,100,0,-100,USDC_XLM,2023-12-30 15:48:10.255531
1605,100,0,-100,USDC_XLM,2023-12-30 15:48:10.255531
1606,100,0,-100,USDC_XLM,2023-12-30 15:48:10.255531
1607,100,0,-100,USDC_XLM,2023-12-30 15:48:10.255531
1608,100,0,-100,USDC_XLM,2023-12-30 15:48:10.255531
1609,100,0,-100,USDC_XLM,2023-12-30 15:48:10.255531
1610,100,0,-100,USDC_XLM,2023-12-30 15:48:10.255531
1611,100,0,-100,USDC_XLM,2023-12-30 15:48:10.255531
1612,100,0,-100,USDC_XLM,2023-12-30 15:48:10.255531
1613,100,0,-100,USDC_XLM,2023-12-30 15:48:10.255531
1614,100,0,-100,USDC_XLM,2023-12-30 15:48:10.255531
1615,100,0,-100,USDC_XLM,2023-12-30 15:48:10.255531
1616,100,0,-100,USDC_XLM,2023-12-30 15:48:10.255531
1617,100,0,-100,USDC_XLM,2023-12-30 15:48:10.255531
1618,100,0,-100,USDC_XLM,2023-12-30 15:48:10.255531
1619,100,0,-100,USDC_XLM,2023-12-30 15:48:10.255531
1620,100,0,-100,USDC_XLM,2023-12-30 15:48:10.255531
1621,100,0,-100,USDC_XLM,2023-12-30 15:48:10.255531
1622,100,0,-100,USDC_XLM,2023-12-30 15:48:10.255531
1623,100,0,-100,USDC_XLM,2023-12-30 15:48:10.255531
1624,100,0,-100,USDC_XLM,2023-12-30 15:48:10.255531
1625,100,0,-100,USDC_XLM,2023-12-30 15:48:10.255531
1626,100,0,-100,USDC_XLM,2023-12-30 15:48:10.255531
1627,100,0,-100,USDC_XLM,2023-12-30 15:48:10.255531
1628,100,0,-100,USDC_XLM,2023-12-30 15:48:10.255531
1629,100,0,-100,USDC_XLM,2023-12-30 15:48:10.255531
1630,100,0,-100,USDC_XLM,2023-12-30 15:48:10.255531
1631,100,0,-100,USDC_XLM,2023-12-30 15:48:10.255531
1632,100,0,-100,USDC_XLM,2023-12-30 15:48:10.255531
1633,100,0,-100,USDC_XLM,2023-12-30 15:48:10.255531
1634,100,0,-100,USDC_XLM,2023-12-30 15:48:10.255531
1635,100,0,-100,USDC_XLM,2023-12-30 15:48:10.255531
1636,100,0,-100,USDC_XLM,2023-12-30 15:48:10.255531
1637,100,0,-100,USDC_XLM,2023-12-30 15:48:10.255531
1638,100,0,-100,USDC_XLM,2023-12-30 15:48:10.255531
1639,100,0,-100,USDC_XLM,2023-12-30 15:48:10.255531
1640,100,0,-100,USDC_XLM,2023-12-30 15:48:10.255531
1641,100,0,-100,USDC_XLM,2023-12-30 15:48:10.255531
1642,100,0,-100,USDC_XLM,2023-12-30 15:48:10.255531
1643,100,0,-100,USDC_XLM,2023-12-30 15:48:10.255531
1644,100,0,-100,USDC_XLM,2023-12-30 15:48:10.255531
1645,100,0,-100,USDC_XLM,2023-12-30 15:48:10.255531
1646,100,0,-100,USDC_XLM,2023-12-30 15:48:10.255531
1647,100,0,-100,USDC_XLM,2023-12-30 15:48:10.255531
1648,100,0,-100,USDC_XLM,2023-12-30 15:48:10.255531
1649,100,0,-100,USDC_XLM,2023-12-30 15:48:10.255531
1650,100,0,-100,USDC_XLM,2023-12-30 15:48:10.255531
1651,100,0,-100,USDC_XLM,2023-12-30 15:48:10.255531
1652,100,0,-100,USDC_XLM,2023-12-30 15:48:10.255531
1653,100,0,-100,USDC_XLM,2023-12-30 15:48:10.255531
1654,100,0,-100,USDC_XLM,2023-12-30 15:48:10.255531
1655,100,0,-100,USDC_XLM,2023-12-30 15:48:10.255531
1656,100,0,-100,USDC_XLM,2023-12-30 15:48:10.255531
1657,100,0,-100,USDC_XLM,2023-12-30 15:48:10.255531
1658,100,0,-100,USDC_XLM,2023-12-30 15:48:10.255531
1659,100,0,-100,USDC_XLM,2023-12-30 15:48:10.255531
1660,100,0,-100,USDC_XLM,2023-12-30 15:48:10.255531
1661,100,0,-100,USDC_XLM,2023-12-30 15:48:10.255531
1662,100,0,-100,USDC_XLM,2023-12-30 15:48:10.255531
1663,100,0,-100,USDC_XLM,2023-12-30 15:48:10.255531
1664,100,0,-100,USDC_XLM,2023-12-30 15:48:10.255531
1665,100,0,-100,USDC_XLM,2023-12-30 15:48:10.255531
1666,100,0,-100,USDC_XLM,2023-12-30 15:48:10.255531
1667,100,0,-100,USDC_XLM,2023-12-30 15:48:10.255531
1668,100,0,-100,USDC_XLM,2023-12-30 15:48:10.255531
1669,100,0,-100,USDC_XLM,2023-12-30 15:48:10.255531
1670,100,0,-100,USDC_XLM,2023-12-30 15:48:10.255531
1671,100,0,-100,USDC_XLM,2023-12-30 15:48:10.255531
1672,100,0,-100,USDC_XLM,2023-12-30 15:48:10.255531
1673,100,0,-100,USDC_XLM,2023-12-30 15:48:10.255531
1674,100,0,-100,USDC_XLM,2023-12-30 15:48:10.255531
1675,100,0,-100,USDC_XLM,2023-12-30 15:48:10.255531
1676,100,0,-100,USDC_XLM,2023-12-30 15:48:10.255531
1677,100,0,-100,USDC_XLM,2023-12-30 15:48:10.255531
1678,100,0,-100,USDC_XLM,2023-12-30 15:48:10.255531
1679,100,0,-100,USDC_XLM,2023-12-30 15:48:10.255531
1680,100,0,-100,USDC_XLM,2023-12-30 15:48:10.255531
1681,100,0,-100,USDC_XLM,2023-12-30 15:48:10.255531
1682,100,0,-100,USDC_XLM,2023-12-30 15:48:10.255531
1683,100,0,-100,USDC_XLM,2023-12-30 15:48:10.255531
1684,100,0,-100,USDC_XLM,2023-12-30 15:48:10.255531
1685,100,0,-100,USDC_XLM,2023-12-30 15:48:10.255531
1686,100,0,-100,USDC_XLM,2023-12-30 15:48:10.255531
1687,100,0,-100,USDC_XLM,2023-12-30 15:48:10.255531
1688,100,0,-100,USDC_XLM,2023-12-30 15:48:10.255531
1689,100,0,-100,USDC_XLM,2023-12-30 15:48:10.255531
1690,100,0,-100,USDC_XLM,2023-12-30 15:48:10.255531
1691,100,0,-100,USDC_XLM,2023-12-30 15:48:10.255531
1692,100,0,-100,USDC_XLM,2023-12-30 15:48:10.255531
1693,100,0,-100,USDC_XLM,2023-12-30 15:48:10.255531
1694,100,0,-100,USDC_XLM,2023-12-30 15:48:10.255531
1695,100,0,-100,USDC_XLM,2023-12-30 15:48:10.255531
1696,100,0,-100,USDC_XLM,2023-12-30 15:48:10.255531
1697,100,0,-100,USDC_XLM,2023-12-30 15:48:10.255531
1698,100,0,-100,USDC_XLM,2023-12-30 15:48:10.255531
1699,100,0,-100,USDC_XLM,2023-12-30 15:48:10.255531
1700,100,0,-100,USDC_XLM,2023-12-30 15:48:10.255531
1701,100,0,-100,USDC_XLM,2023-12-30 15:48:10.255531
1702,100,0,-100,USDC_XLM,2023-12-30 15:48:10.255531
1703,100,0,-100,USDC_XLM,2023-12-30 15:48:10.255531
1704,100,0,-100,USDC_XLM,2023-12-30 15:48:10.255531
1705,100,0,-100,USDC_XLM,2023-12-30 15:48:10.255531
1706,100,0,-100,USDC_XLM,2023-12-30 15:48:10.255531
1707,100,0,-100,USDC_XLM,2023-12-30 15:48:10.255531
1708,100,0,-100,USDC_XLM,2023-12-30 15:48:10.255531
1709,100,0,-100,USDC_XLM,2023-12-30 15:48:10.255531
1710,100,0,-100,USDC_XLM,2023-12-30 15:48:10.255531
1711,100,0,-100,USDC_XLM,2023-12-30 15:48:10.255531
1712,100,0,-100,USDC_XLM,2023-12-30 15:48:10.255531
1713,100,0,-100,USDC_XLM,2023-12-30 15:48:10.255531
1714,100,0,-100,USDC_XLM,2023-12-30 15:48:10.255531
1715,100,0,-100,USDC_XLM,2023-12-30 15:48:10.255531
1716,100,0,-100,USDC_XLM,2023-12-30 15:48:10.255531
1717,100,0,-100,USDC_XLM,2023-12-30 15:48:10.255531
1718,100,0,-100,USDC_XLM,2023-12-30 15:48:10.255531
1719,100,0,-100,USDC_XLM,2023-12-30 15:48:10.255531
1720,100,0,-100,USDC_XLM,2023-12-30 15:48:10.255531
1721,100,0,-100,USDC_XLM,2023-12-30 15:48:10.255531
1722,100,0,-100,USDC_XLM,2023-12-30 15:48:10.255531
1723,100,0,-100,USDC_XLM,2023-12-30 15:48:10.255531
1724,100,0,-100,USDC_XLM,2023-12-30 15:48:10.255531
1725,100,0,-100,USDC_XLM,2023-12-30 15:48:10.255531
1726,100,0,-100,USDC_XLM,2023-12-30 15:48:10.255531
1727,100,0,-100,USDC_XLM,2023-12-30 15:48:10.255531
1728,100,0,-100,USDC_XLM,2023-12-30 15:48:10.255531
1729,100,0,-100,USDC_XLM,2023-12-30 15:48:10.255531
1730,100,0,-100,USDC_XLM,2023-12-30 15:48:10.255531
1731,100,0,-100,USDC_XLM,2023-12-30 15:48:10.255531
1732,100,0,-100,USDC_XLM,2023-12-30 15:48:10.255531
1733,100,0,-100,USDC_XLM,2023-12-30 15:48:10.255531
1734,100,0,-100,USDC_XLM,2023-12-30 15:48:10.255531
1735,100,0,-100,USDC_XLM,2023-12-30 15:48:10.255531
1736,100,0,-100,USDC_XLM,2023-12-30 15:48:10.255531
1737,100,0,-100,USDC_XLM,2023-12-30 15:48:10.255531
1738,100,0,-100,USDC_XLM,2023-12-30 15:48:10.255531
1739,100,0,-100,USDC_XLM,2023-12-30 15:48:10.255531
1740,100,0,-100,USDC_XLM,2023-12-30 15:48:10.255531
1741,100,0,-100,USDC_XLM,2023-12-30 15:48:10.255531
1742,100,0,-100,USDC_XLM,2023-12-30 15:48:10.255531
1743,100,0,-100,USDC_XLM,2023-12-30 15:48:10.255531
1744,100,0,-100,USDC_XLM,2023-12-30 15:48:10.255531
1745,100,0,-100,USDC_XLM,2023-12-30 15:48:10.255531
1746,100,0,-100,USDC_XLM,2023-12-30 15:48:10.255531
1747,100,0,-100,USDC_XLM,2023-12-30 15:48:10.255531
1748,100,0,-100,USDC_XLM,2023-12-30 15:48:10.255531
1749,100,0,-100,USDC_XLM,2023-12-30 15:48:10.255531
1750,100,0,-100,USDC_XLM,2023-12-30 15:48:10.255531
1751,100,0,-100,USDC_XLM,2023-12-30 15:48:10.255531
1752,100,0,-100,USDC_XLM,2023-12-30 15:48:10.255531
1753,100,0,-100,USDC_XLM,2023-12-30 15:48:10.255531
1754,100,0,-100,USDC_XLM,2023-12-30 15:48:10.255531
1755,100,0,-100,USDC_XLM,2023-12-30 15:48:10.255531
1756,100,0,-100,USDC_XLM,2023-12-30 15:48:10.255531
1757,100,0,-100,USDC_XLM,2023-12-30 15:48:10.255531
1758,100,0,-100,USDC_XLM,2023-12-30 15:48:10.255531
1759,100,0,-100,USDC_XLM,2023-12-30 15:48:10.255531
